source_id,study_id,age,gender,ret_variant,ret_risk_level,calcitonin_elevated,calcitonin_level_numeric,cea_level_numeric,cea_elevated,cea_imputed_flag,thyroid_nodules_present,multiple_nodules,family_history_mtc,mtc_diagnosis,c_cell_disease,men2_syndrome,pheochromocytoma,hyperparathyroidism,age_group,declined_evaluation,underwent_surgery
0.0,study_1,24.0,0,K666N,1,0,0.2,809.4,1,1,0,0,0,0,0,0,0,0,young,,
1.0,study_1,21.0,0,K666N,1,0,0.2,307.3,1,1,0,0,1,0,0,0,0,0,young,,
2.0,study_1,60.0,1,K666N,1,1,13.0,307.3,1,1,1,1,1,1,1,0,0,0,elderly,,
3.0,study_1,84.0,0,K666N,1,1,37.0,809.4,1,1,1,0,1,0,1,0,0,0,very_elderly,,
4.0,study_2,37.0,0,E505_G506del,2,1,7.9,48.0,1,1,0,0,1,1,1,1,1,0,middle,,
5.0,study_3,55.0,0,K666N,1,1,12.2,115.0,1,1,0,0,0,1,1,0,0,0,elderly,,
6.0,study_3,34.0,0,K666N,1,1,1988.0,20.049999999999997,1,0,0,0,0,1,1,0,0,0,middle,,
7.0,study_3,32.0,0,K666N,1,1,28000.0,27.2,1,0,0,0,0,1,1,0,0,0,middle,,
8.0,study_3,65.0,0,K666N,1,1,16.0,809.4,1,1,0,0,0,1,1,0,0,0,elderly,,
9.0,study_3,59.0,1,K666N,1,0,0.2,91.79,1,1,0,0,0,1,1,0,0,0,elderly,,
10.0,study_3,61.0,0,K666N,1,1,67.4,98.32,1,1,0,0,0,1,1,0,0,0,elderly,,
11.0,study_3,65.0,0,K666N,1,0,0.2,22.3,1,0,0,0,0,1,1,0,0,0,elderly,,
12.0,study_3,64.0,0,K666N,1,0,0.2,1186.0,1,1,0,0,0,1,1,0,0,0,elderly,,
13.0,study_3,57.0,0,K666N,1,1,26.0,307.3,1,1,0,0,1,0,0,0,0,0,elderly,,
14.0,study_3,70.0,0,K666N,1,0,0.2,115.0,1,1,0,0,1,1,1,0,0,0,elderly,,
15.0,study_3,20.0,0,K666N,1,0,0.2,307.3,1,1,0,0,1,0,1,0,0,0,young,,
16.0,study_3,20.0,1,K666N,1,0,0.0,115.0,1,1,0,0,1,0,0,0,0,0,young,,
17.0,study_3,30.0,0,K666N,1,0,0.0,115.0,1,1,0,0,1,0,0,0,0,0,young,,
19.0,study_3,80.0,0,K666N,1,0,7.0,115.0,1,1,0,0,1,0,0,0,0,0,very_elderly,,
20.0,study_3,58.0,1,K666N,1,0,0.0,311.0,1,1,0,0,1,0,0,0,0,0,elderly,,
21.0,study_3,27.0,0,K666N,1,0,0.0,115.0,1,1,0,0,1,0,0,0,0,0,young,,
22.0,study_3,5.0,0,K666N,1,0,0.0,307.3,1,1,0,0,1,0,0,0,0,0,young,,
23.0,study_3,47.0,0,K666N,1,0,0.0,311.0,1,1,0,0,1,0,0,0,0,0,middle,,
24.0,study_3,90.0,0,K666N,1,0,0.0,307.3,1,1,0,0,1,0,0,0,0,0,very_elderly,,
25.0,study_3,39.0,0,K666N,1,0,0.2,809.4,1,1,0,0,1,0,0,0,0,0,middle,,
26.0,study_3,61.0,1,K666N,1,0,0.2,115.0,1,1,0,0,1,0,0,0,0,0,elderly,,
27.0,study_3,29.0,1,K666N,1,0,0.0,115.0,1,1,0,0,1,0,0,0,0,0,young,,
28.0,study_3,35.0,0,K666N,1,0,0.0,307.3,1,1,0,0,1,0,0,0,0,0,middle,,
29.0,study_4,16.0,0,L790F,1,0,0.2,115.0,1,1,0,0,0,1,1,1,0,0,young,,
30.0,study_4,19.0,1,L790F,1,1,23.0,101.3,1,1,0,0,0,0,1,1,0,0,young,,
31.0,study_4,13.0,1,L790F,1,1,11.0,115.0,1,1,0,0,0,0,0,1,0,0,young,,
32.0,study_4,21.0,1,L790F,1,1,5.0,115.0,1,1,0,0,0,0,0,1,0,0,young,,
33.0,study_4,10.0,1,Y791F,1,1,8.0,809.4,1,1,0,0,0,0,1,1,0,0,young,,
34.0,study_4,20.0,0,Y791F,1,0,0.0,311.0,1,1,0,0,0,0,0,1,0,0,young,,
35.0,study_4,24.0,0,V804M,1,0,0.0,1186.0,1,1,0,0,0,0,0,1,0,0,young,,
36.0,study_4,31.0,1,V804M,1,0,0.0,307.3,1,1,0,0,0,0,0,1,0,0,middle,,
37.0,study_4,29.0,0,S891A,1,0,0.0,115.0,1,1,0,0,0,0,0,1,0,0,young,,
38.0,study_4,18.0,1,S891A,1,0,0.0,311.0,1,1,0,0,0,0,0,1,0,0,young,,
39.0,study_4,35.0,0,C634R,3,0,0.0,115.0,1,1,0,0,1,1,1,1,0,0,middle,,
40.0,study_4,42.0,1,C634R,3,0,0.0,98.32,1,1,0,0,1,1,1,1,0,0,middle,,
41.0,study_4,34.0,0,C634Y,3,1,18.0,311.0,1,1,0,0,1,1,1,1,0,0,middle,,
42.0,study_4,24.0,0,C634Y,3,0,3.4,101.3,1,1,0,0,1,0,0,1,0,0,young,,
43.0,study_4,47.0,1,C634Y,3,1,26.2,311.0,1,1,0,0,1,1,1,1,0,0,middle,,
44.0,study_4,11.0,0,C634Y,3,0,0.0,37.1,1,1,0,0,1,0,0,1,0,0,young,,
45.0,study_4,38.0,1,C634Y,3,0,0.0,91.79,1,1,0,0,1,0,0,1,0,0,middle,,
46.0,study_4,28.0,1,C634W,3,0,0.0,311.0,1,1,0,0,1,0,0,1,0,0,young,,
47.0,study_4,15.0,0,C634W,3,0,0.0,1186.0,1,1,0,0,1,0,0,1,0,0,young,,
48.0,study_4,49.0,1,C634W,3,0,0.0,115.0,1,0,0,0,0,1,1,1,1,0,middle,,
49.0,study_4,27.0,0,C634W,3,0,0.0,98.32,1,1,0,0,1,0,0,1,0,0,young,,
50.0,study_4,41.0,1,C634Y,3,1,80.0,20.0,1,0,0,0,1,1,1,1,0,0,middle,,
51.0,study_4,12.0,0,C634Y,3,0,0.0,809.4,1,1,0,0,1,0,0,1,0,0,young,,
52.0,study_4,15.0,1,C634Y,3,0,0.0,307.3,1,1,0,0,1,0,0,1,0,0,young,,
53.0,study_4,52.0,0,C634Y,3,1,110.0,115.0,1,1,0,0,0,1,1,1,0,0,elderly,,
54.0,study_4,20.0,0,C634Y,3,0,0.0,101.3,1,1,0,0,1,0,0,1,0,0,young,,
55.0,study_4,54.0,1,C634Y,3,1,130.0,101.3,1,1,0,0,0,1,1,1,0,0,elderly,,
56.0,study_4,30.0,0,C634Y,3,0,0.0,311.0,1,1,0,0,1,0,0,1,0,0,young,,
57.0,study_4,40.0,0,C634R,3,1,250.0,7.4,1,1,0,0,0,1,1,1,0,0,middle,,
58.0,study_4,20.0,0,C634R,3,0,0.0,3.7,0,1,0,0,1,0,0,1,0,0,young,,
59.0,study_4,14.0,0,C634R,3,0,0.0,115.0,1,1,0,0,1,0,0,1,0,0,young,,
60.0,study_4,49.0,0,C634Y,3,1,200.0,37.1,1,1,0,0,0,1,1,1,0,0,middle,,
61.0,study_4,17.0,0,C634Y,3,0,0.0,98.32,1,1,0,0,1,0,0,1,0,0,young,,
62.0,study_4,29.0,1,C618S,2,1,30.0,311.0,1,1,0,0,0,1,1,1,0,0,young,,
63.0,study_4,13.0,0,C618S,2,0,0.0,307.3,1,1,0,0,1,0,0,1,0,0,young,,
64.0,study_4,31.0,1,C634R,3,1,43.6,115.0,1,1,0,0,0,1,1,1,0,0,middle,,
65.0,study_4,9.0,1,C634R,3,0,0.0,101.3,1,1,0,0,1,0,0,1,0,0,young,,
66.0,study_4,36.0,0,C630R,2,1,75.0,101.3,1,1,0,0,0,1,1,1,0,0,middle,,
67.0,study_4,12.0,0,C630R,2,0,0.0,809.4,1,1,0,0,1,0,0,1,0,0,young,,
68.0,study_4,10.0,0,C630R,2,0,0.0,98.32,1,1,0,0,1,0,0,1,0,0,young,,
69.0,study_4,25.0,1,C634R,3,1,41.0,101.3,1,1,0,0,0,1,1,1,0,0,young,,
70.0,study_4,34.0,0,C634R,3,0,0.0,311.0,1,1,0,0,1,0,0,1,0,0,middle,,
71.0,study_4,44.0,1,C620Y,2,1,19.3,66.5,1,1,0,0,0,1,1,1,0,0,middle,,
72.0,study_4,14.0,0,C620Y,2,0,0.0,307.3,1,1,0,0,1,0,0,1,0,0,young,,
73.0,study_4,38.0,0,C630R,2,1,12.0,311.0,1,1,0,0,1,1,1,1,0,0,middle,,
74.0,study_4,13.0,0,C630R,2,0,0.0,311.0,1,1,0,0,1,0,0,1,0,0,young,,
75.0,study_5,40.0,0,K666N,1,1,16.8,1.4,0,0,0,0,0,1,1,0,1,1,middle,,
76.0,study_5,42.0,0,K666N,1,0,5.2,1.5,0,0,0,0,0,0,0,0,0,0,middle,,
77.0,study_5,46.0,1,K666N,1,1,19.8,115.0,1,1,0,0,0,0,0,0,0,0,middle,,
79.0,study_6,59.0,0,K666N,1,1,1675.0,101.3,1,0,0,0,0,0,0,0,0,0,elderly,,
80.0,study_6,61.0,0,K666N,1,0,0.0,311.0,1,1,0,0,1,0,0,0,0,0,elderly,,
81.0,study_6,32.0,1,K666N,1,1,16.0,115.0,1,1,0,0,1,0,0,0,0,0,middle,,
83.0,study_6,43.0,0,K666N,1,0,0.0,115.0,1,1,0,0,0,0,0,0,0,0,middle,,
84.0,study_6,25.0,0,K666N,1,0,0.0,307.3,1,1,0,0,0,0,0,0,0,0,young,,
86.0,study_7,65.0,0,S891A,1,0,0.0,29.7,1,0,0,0,0,0,0,0,0,0,elderly,,
87.0,study_7,58.0,1,S891A,1,1,589.6,41.53,1,0,0,0,0,0,0,0,0,0,elderly,,
88.0,study_7,45.0,0,S891A,1,0,0.0,22.8,1,0,0,0,0,0,0,0,0,0,middle,,
89.0,study_7,44.0,0,S891A,1,0,0.0,307.3,1,1,0,0,0,0,0,0,0,0,middle,,
90.0,study_7,64.0,0,R525W,1,0,0.2,311.0,1,1,0,0,0,0,0,0,0,0,elderly,,
91.0,study_7,22.0,0,R525W,1,0,0.2,307.3,1,1,0,0,0,0,0,0,0,0,young,,
92.0,study_7,20.0,0,R525W,1,0,0.0,101.3,1,1,0,0,0,0,0,0,0,0,young,,
93.0,study_7,10.0,0,S891A,1,0,0.0,115.0,1,1,0,0,0,0,0,0,0,0,young,,
94.0,study_7,8.0,0,S891A,1,0,0.0,809.4,1,1,0,0,0,0,0,0,0,0,young,,
95.0,study_7,6.0,0,S891A,1,0,0.0,115.0,1,1,0,0,0,0,0,0,0,0,young,,
97.0,study_7,3.0,0,R525W,1,0,0.0,1.35,0,1,0,0,0,0,0,0,0,0,young,,
99.0,study_7,1.0,0,R525W,1,0,0.0,41.53,1,1,0,0,0,0,0,0,0,0,young,,
101.0,study_8,39.0,1,V804M,1,0,4.0,3.7,0,0,0,1,1,1,1,1,0,0,middle,,
102.0,study_9,25.0,1,C634R,3,1,732.0,66.4,1,0,0,0,0,1,1,0,0,0,young,,
103.0,study_9,27.6,1,M918T,3,1,40871.0,1186.0,1,0,0,0,0,1,1,0,0,0,young,,
104.0,study_9,30.2,0,A883F,3,1,1749.0,311.0,1,0,0,0,0,1,1,0,0,0,middle,,
105.0,study_9,32.8,1,C634W,3,1,68.0,16.2,1,0,0,0,0,1,1,0,0,0,middle,,
106.0,study_9,35.4,0,E632_C634del,3,1,357.0,307.3,1,0,0,0,0,1,1,0,0,0,middle,,
107.0,study_9,38.0,1,M918T,3,1,443.0,37.1,1,0,0,0,0,1,1,0,0,0,middle,,
108.0,study_9,40.6,0,C634S,3,1,126.0,39.1,1,0,0,0,0,1,1,0,0,0,middle,,
109.0,study_9,43.2,1,M918T,3,1,594.0,48.0,1,0,0,0,0,1,1,0,0,0,middle,,
110.0,study_9,45.8,0,C634S,3,1,251.0,66.5,1,0,0,0,0,1,1,0,0,0,middle,,
111.0,study_9,48.400000000000006,1,D898_E901del,2,1,247.0,6.7,1,0,0,0,0,1,1,0,0,0,middle,,
112.0,study_9,51.0,0,C620W,2,0,0.0,39.1,1,1,0,0,0,1,1,0,0,0,elderly,,
113.0,study_9,53.6,1,V899_E902del,2,1,311.0,34.4,1,0,0,0,0,1,1,0,0,0,elderly,,
114.0,study_9,56.2,0,M918T,3,1,10288.0,809.4,1,0,0,0,0,1,1,0,0,0,elderly,,
115.0,study_9,58.800000000000004,1,M918T,3,0,0.0,307.3,1,1,0,0,0,1,1,0,0,0,elderly,,
116.0,study_9,61.4,0,C630R,2,1,7838.0,29.0,1,0,0,0,0,1,1,0,0,0,elderly,,
117.0,study_9,64.0,1,C634S,3,1,99.9,21.8,1,0,0,0,0,1,1,0,0,0,elderly,,
118.0,study_9,66.6,0,M918T,3,0,0.0,115.0,1,1,0,0,0,1,1,0,0,0,elderly,,
119.0,study_9,69.2,1,C634Y,3,1,66.7,7.4,1,0,0,0,0,1,1,0,0,0,elderly,,
120.0,study_9,71.80000000000001,0,E632_L633del,3,1,195.0,23.6,1,0,0,0,0,1,1,0,0,0,very_elderly,,
121.0,study_9,74.4,1,M918T,3,1,26700.0,66.5,1,1,0,0,0,1,1,0,0,0,very_elderly,,
122.0,study_9,77.0,0,C630G,2,1,404.0,307.3,1,1,0,0,0,1,1,0,0,0,very_elderly,,
123.0,study_10,28.0,1,C634Y,3,1,0.0,101.3,1,1,1,0,1,1,1,1,1,0,young,,
124.0,study_10,34.0,0,C634Y,3,0,0.0,307.3,1,1,0,0,1,1,1,1,1,1,middle,,
125.0,study_11,12.0,0,M918T,3,1,1187.0,98.32,1,0,0,0,0,1,1,1,0,0,young,,
126.0,study_12,27.0,0,Y791F,1,0,5.0,101.3,1,1,0,0,0,0,0,1,1,0,young,,
127.0,study_13,57.0,0,S891A,1,1,37.0,101.3,1,1,0,0,1,0,0,1,1,1,elderly,,
128.0,study_13,27.0,1,S891A,1,0,0.0,307.3,1,1,0,0,1,0,0,1,0,0,young,,
129.0,study_14,36.0,0,C634R,3,1,1877.0,28.9,1,0,1,0,1,1,1,1,1,0,middle,,
130.0,study_14,7.0,0,C634R,3,0,0.0,66.5,1,1,0,0,1,0,0,1,0,0,young,,
131.0,study_15,18.0,0,M918T,3,1,2000.0,3689.0,1,0,0,0,0,1,1,1,0,0,young,,
132.0,study_16,7.0,0,D631_L633delinsE,3,1,665.0,101.3,1,1,1,0,0,1,1,1,0,1,young,,
133.0,study_17,6.0,0,C634G,3,0,0.0,311.0,1,1,0,0,1,1,1,1,0,0,young,,
134.0,study_17,43.0,0,C634G,3,1,304.0,115.0,1,1,0,0,1,1,1,1,1,1,middle,,
135.0,study_17,43.0,0,C634G,3,0,0.0,809.4,1,1,0,0,1,1,1,1,1,0,middle,,
136.0,study_17,44.0,0,C634G,3,0,0.0,1186.0,1,1,0,0,1,1,1,1,1,0,middle,,
137.0,study_17,34.0,0,C634G,3,0,0.0,101.3,1,1,0,0,1,0,0,1,0,0,middle,,
139.0,study_18,40.0,0,K666N,1,1,12.3,1.35,0,0,1,0,0,1,1,1,1,1,middle,,
141.0,study_18,46.0,1,K666N,1,1,22.3,3.7,0,1,1,0,1,1,1,1,0,0,middle,,
142.0,study_18,22.0,0,K666N,1,0,0.0,307.3,1,1,0,0,1,0,0,1,0,0,young,,
143.0,study_19,44.0,0,S891A,1,1,447.0,91.79,1,0,0,0,1,1,1,1,0,0,middle,,
144.0,study_19,34.0,0,S891A,1,0,2.0,307.3,1,1,0,0,1,1,1,1,0,0,middle,,
148.0,study_19,20.0,0,S891A,1,0,0.0,98.32,1,1,0,0,1,0,0,1,0,0,young,,
149.0,study_19,34.0,0,S891A,1,0,0.0,311.0,1,1,0,0,1,0,0,1,0,0,middle,,
150.0,study_20,60.0,1,C634Y,3,1,972.2,48.0,1,1,1,0,1,1,1,1,1,0,elderly,,
151.0,study_20,30.0,0,C634Y,3,1,29.49,311.0,1,1,1,0,1,1,1,1,1,0,young,,
152.0,study_20,9.0,1,C634Y,3,1,18.93,115.0,1,1,0,0,1,1,1,1,0,0,young,,
,,6.0,0,C634Y,3,1,23.25456554397737,350.8962117276752,1,1,1,1,1,1,1,0,0,0,young,0.0,1.0
,,9.0,0,C634R,3,1,35.0624738784116,0.0,0,1,1,0,1,1,1,0,0,0,young,0.0,1.0
,,18.0,1,K666N,1,1,30.016887501255983,631.9325729274269,1,1,1,1,1,1,1,0,0,0,young,0.0,1.0
,,27.6,1,R525W,1,1,17.538521056219512,751.5075798332568,1,1,1,1,1,1,1,0,0,0,young,0.0,1.0
,,30.0,1,L790F,1,1,15.035044462845645,0.0,0,1,1,1,1,1,1,0,0,0,middle,0.0,1.0
,,32.0,1,K666N,1,1,42.52439222197264,0.0,0,1,1,0,1,1,1,0,0,0,middle,0.0,1.0
,,34.0,0,S891A,1,1,38.61485971162751,239.7180240936085,1,1,1,0,1,1,1,0,0,0,middle,0.0,1.0
,,34.0,1,K666N,1,1,58.818998347865666,0.0,0,1,1,0,1,1,1,0,0,0,middle,0.0,1.0
,,34.0,0,S891A,1,1,42.827370419988924,148.64297010992655,1,1,1,1,1,1,1,0,0,0,middle,0.0,1.0
,,36.0,1,S891A,1,1,36.004330196159096,0.0,0,1,1,0,1,1,1,0,0,0,middle,0.0,1.0
,,38.0,0,C634R,3,1,35.272466338629435,713.2965159982323,1,1,1,1,1,1,1,0,0,0,middle,0.0,1.0
,,40.0,1,E632_C634del,3,1,40.34796980304927,649.3594479926322,1,1,1,1,1,1,1,0,0,0,middle,0.0,1.0
,,40.6,0,C634Y,3,1,25.390222152996706,200.5133305806671,1,1,1,1,1,1,1,0,0,0,middle,0.0,1.0
,,43.0,0,S891A,1,1,42.449849600217945,869.6271825865956,1,1,1,1,1,1,1,0,0,0,middle,0.0,1.0
,,44.0,1,K666N,1,1,32.597727340795835,453.6677405801179,1,1,1,1,1,1,1,0,0,0,middle,0.0,1.0
,,45.8,1,M918T,3,1,34.13201435210601,0.0,0,1,1,1,1,1,1,0,0,0,middle,0.0,1.0
,,48.400000000000006,1,C634R,3,1,16.409098160500136,391.121030880467,1,1,1,1,1,1,1,0,0,0,middle,0.0,1.0
,,51.0,1,C630R,2,1,32.78176062008165,0.0,0,1,1,1,1,1,1,0,0,0,elderly,0.0,1.0
,,54.0,1,C634R,3,1,29.694334596262593,712.5932563116141,1,1,1,1,1,1,1,0,0,0,elderly,0.0,1.0
,,58.8,0,K666N,1,1,58.25274109572071,128.06047791844267,1,1,1,0,1,1,1,0,0,0,elderly,0.0,1.0
,,60.0,1,C634Y,3,1,39.28614595750859,42.661156341117774,1,1,1,1,1,1,1,0,0,0,elderly,0.0,1.0
,,64.0,1,C634Y,3,1,42.316541145900814,0.0,0,1,1,0,1,1,1,0,0,0,elderly,0.0,1.0
,,65.0,0,K666N,1,1,22.437012257835114,929.3062684644738,1,1,1,0,1,1,1,0,0,0,elderly,0.0,1.0
,,70.0,1,C630G,2,1,32.76966831790064,61.653501909412256,1,1,1,1,1,1,1,0,0,0,elderly,0.0,1.0
,,77.0,0,K666N,1,1,23.947908183996233,0.0,0,1,1,1,1,1,1,0,0,0,elderly,0.0,1.0
,,38.0,0,C630R,2,0,0.5553348880056777,0.0,0,1,0,0,0,0,0,0,0,0,middle,0.0,0.0
,,43.0,1,L790F,1,0,2.481735186394869,493.9330920475579,1,1,0,0,0,0,0,0,0,0,middle,0.0,0.0
,,31.0,1,C634G,3,0,2.060413447425481,388.7643670523513,1,1,0,0,0,0,0,0,0,0,middle,0.0,0.0
,,65.0,0,R525W,1,0,5.412971408736549,418.62998784715256,1,1,0,0,0,0,0,0,0,0,elderly,0.0,0.0
,,61.0,0,S891A,1,0,0.8316811560887349,429.9424675044969,1,1,0,0,0,0,0,0,0,0,elderly,0.0,0.0
,,6.0,1,M918T,3,0,4.224566789822878,1508.1936395650198,1,1,0,0,0,0,0,0,0,0,young,0.0,0.0
,,44.0,1,C634G,3,0,7.071401779184858,0.0,0,1,0,0,1,0,0,0,0,0,middle,0.0,0.0
,,29.0,0,C618S,2,0,2.217252643782855,0.0,0,1,0,0,0,0,0,0,0,0,young,0.0,0.0
,,40.6,1,K666N,1,0,6.6246019418915125,0.0,0,1,0,0,0,0,0,0,0,0,middle,0.0,0.0
,,36.0,1,K666N,1,0,0.003902827464868641,546.6161417741778,1,1,0,0,0,0,0,0,0,0,middle,0.0,0.0
,,18.0,0,S891A,1,0,5.193270246677027,870.0100070826825,1,1,0,0,0,0,0,0,0,0,young,0.0,0.0
,,20.0,1,C634Y,3,0,4.185765015130059,86.68556771270856,1,1,0,0,0,0,0,0,0,0,young,0.0,0.0
,,12.0,0,K666N,1,0,3.7293637941928908,0.0,0,1,0,0,0,0,0,0,0,0,young,0.0,0.0
,,61.0,1,K666N,1,0,3.7700926742164613,0.0,0,1,0,0,0,0,0,0,0,0,elderly,0.0,0.0
,,36.0,1,K666N,1,0,3.982009374878523,568.5055765359887,1,1,0,0,0,0,0,0,0,0,middle,0.0,0.0
,,12.0,1,K666N,1,0,1.7822815799429974,626.8602574651507,1,1,1,0,0,0,0,0,0,0,young,0.0,0.0
,,61.4,1,E632_L633del,3,0,4.018310130560689,500.79701925946995,1,1,0,0,1,0,0,0,0,0,elderly,0.0,0.0
,,34.0,1,S891A,1,0,0.30581356166072937,0.0,0,1,0,0,1,0,0,0,0,0,middle,0.0,0.0
,,34.0,0,R525W,1,0,1.6987183139845348,304.76085761157174,1,1,0,0,0,0,0,0,0,0,middle,0.0,0.0
,,34.0,0,C634Y,3,0,7.025474915525509,232.08782967258418,1,1,0,0,0,0,0,0,0,0,middle,0.0,0.0
,,30.0,1,C634R,3,0,1.934562207863667,296.27464099461633,1,1,0,0,1,0,0,0,0,0,middle,0.0,0.0
,,14.0,0,K666N,1,0,0.698270758544244,707.6170712631586,1,1,1,0,1,0,0,0,0,0,young,0.0,0.0
,,65.0,0,C634Y,3,0,5.4446675915267955,299.43378633389636,1,1,1,0,1,0,0,0,0,0,elderly,0.0,0.0
,,71.80000000000001,1,V804M,1,0,0.6310497374628663,586.2900313016055,1,1,0,0,1,0,0,0,0,0,elderly,0.0,0.0
,,43.0,1,C634R,3,0,0.7610365714952407,201.02101312113905,1,1,0,0,0,0,0,0,0,0,middle,0.0,0.0
,,27.0,1,C634Y,3,0,5.1892139826951995,340.72297126060903,1,1,0,0,0,0,0,0,0,0,young,0.0,0.0
,,34.0,1,K666N,1,0,2.4404977361945077,556.310274184033,1,1,1,0,1,0,0,0,0,0,middle,0.0,0.0
,,43.0,1,C634G,3,0,4.262314525016037,0.0,0,1,0,0,0,0,0,0,0,0,middle,0.0,0.0
,,69.2,1,K666N,1,0,7.297579160643342,0.0,0,1,0,0,1,0,0,0,0,0,elderly,0.0,0.0
,,61.0,0,S891A,1,0,3.769778198288941,0.0,0,1,0,0,0,0,0,0,0,0,elderly,0.0,0.0
,,49.0,1,S891A,1,0,0.1823697482359038,0.0,0,1,0,0,0,0,0,0,0,0,middle,0.0,0.0
,,32.0,0,E632_C634del,3,0,6.626205166996942,0.0,0,1,1,0,1,0,0,0,0,0,middle,0.0,0.0
,,10.0,0,S891A,1,0,4.292193518781287,1100.6316389565786,1,1,1,0,0,0,0,0,0,0,young,0.0,0.0
,,34.0,1,L790F,1,0,3.6395990570723677,0.0,0,1,0,0,0,0,0,0,0,0,middle,0.0,0.0
,,52.0,1,R525W,1,0,0.5281209813715793,768.6497856201189,1,1,0,0,1,0,0,0,0,0,elderly,0.0,0.0
,,30.0,0,K666N,1,0,2.2146794131420404,0.0,0,1,0,0,1,0,0,0,0,0,middle,0.0,0.0
,,34.0,1,R525W,1,0,4.146149826809308,0.0,0,1,0,0,0,0,0,0,0,0,middle,0.0,0.0
,,27.0,0,Y791F,1,0,0.6119563530018026,260.99815350794836,1,1,0,0,1,0,0,0,0,0,young,0.0,0.0
,,80.0,1,M918T,3,0,2.9758787041041628,527.9192974524092,1,1,0,0,1,0,0,0,0,0,elderly,0.0,0.0
,,44.0,1,C634Y,3,0,3.2885559226356524,606.7046540329765,1,1,0,0,0,0,0,0,0,0,middle,0.0,0.0
,,29.0,1,E632_L633del,3,0,4.431249454267581,658.4799506543635,1,1,0,0,0,0,0,0,0,0,young,0.0,0.0
,,25.0,0,C634Y,3,0,0.9529538448891359,0.0,0,1,0,0,1,0,0,0,0,0,young,0.0,0.0
,,40.6,1,M918T,3,0,6.31517306258986,0.0,0,1,0,0,0,0,0,0,0,0,middle,0.0,0.0
,,1.0,1,M918T,3,0,0.9955906668222736,699.1445200296342,1,1,1,0,1,0,0,0,0,0,young,0.0,0.0
,,34.0,0,C630R,2,0,3.2514055318555655,37.91643633952073,1,1,1,0,0,0,0,0,0,0,middle,0.0,0.0
,,64.0,0,K666N,1,0,5.219806545702735,0.0,0,1,0,0,0,0,0,0,0,0,elderly,0.0,0.0
,,24.0,1,S891A,1,0,4.119199985295904,0.0,0,1,1,0,1,0,0,0,0,0,young,0.0,0.0
,,64.0,0,M918T,3,0,5.5342268752182635,0.0,0,1,0,0,1,0,0,0,0,0,elderly,0.0,0.0
,,40.0,0,C634R,3,0,5.683845828482768,471.84291802985854,1,1,0,0,0,0,0,0,0,0,middle,0.0,0.0
,,10.0,1,K666N,1,0,6.415954380082554,248.29790407302985,1,1,1,0,0,0,0,0,0,0,young,0.0,0.0
