source_id,study_id,age,gender,ret_variant,ret_risk_level,calcitonin_elevated,calcitonin_level_numeric,cea_level_numeric,cea_elevated,cea_imputed_flag,thyroid_nodules_present,multiple_nodules,family_history_mtc,mtc_diagnosis,c_cell_disease,men2_syndrome,pheochromocytoma,hyperparathyroidism,age_group
0,study_1,24.0,0,K666N,1,0,0.2,115.0,1.0,1.0,0,0,0,0,0,0,0,0,young
1,study_1,21.0,0,K666N,1,0,0.2,41.53,1.0,1.0,0,0,1,0,0,0,0,0,young
2,study_1,60.0,1,K666N,1,1,13.0,101.3,1.0,1.0,1,1,1,1,1,0,0,0,elderly
3,study_1,84.0,0,K666N,1,1,37.0,115.0,1.0,1.0,1,0,1,0,1,0,0,0,very_elderly
4,study_2,37.0,0,E505_G506del,2,1,7.9,115.0,1.0,1.0,0,0,1,1,1,1,1,0,middle
5,study_3,55.0,0,K666N,1,1,12.2,39.1,1.0,1.0,0,0,0,1,1,0,0,0,elderly
6,study_3,34.0,0,K666N,1,1,1988.0,20.05,1.0,0.0,0,0,0,1,1,0,0,0,middle
7,study_3,32.0,0,K666N,1,1,28000.0,27.2,1.0,0.0,0,0,0,1,1,0,0,0,middle
8,study_3,65.0,0,K666N,1,1,16.0,115.0,1.0,1.0,0,0,0,1,1,0,0,0,elderly
9,study_3,59.0,1,K666N,1,0,0.2,115.0,1.0,1.0,0,0,0,1,1,0,0,0,elderly
10,study_3,61.0,0,K666N,1,1,67.4,311.0,1.0,1.0,0,0,0,1,1,0,0,0,elderly
11,study_3,65.0,0,K666N,1,0,0.2,22.3,1.0,0.0,0,0,0,1,1,0,0,0,elderly
12,study_3,64.0,0,K666N,1,0,0.2,7.4,1.0,1.0,0,0,0,1,1,0,0,0,elderly
13,study_3,57.0,0,K666N,1,1,26.0,16.2,1.0,1.0,0,0,1,0,0,0,0,0,elderly
14,study_3,70.0,0,K666N,1,0,0.2,66.4,1.0,1.0,0,0,1,1,1,0,0,0,elderly
15,study_3,20.0,0,K666N,1,0,0.2,101.3,1.0,1.0,0,0,1,0,1,0,0,0,young
16,study_3,20.0,1,K666N,1,0,0.0,66.5,1.0,1.0,0,0,1,0,0,0,0,0,young
17,study_3,30.0,0,K666N,1,0,0.0,66.5,1.0,1.0,0,0,1,0,0,0,0,0,young
18,study_3,30.0,0,K666N,1,0,0.0,34.4,1.0,1.0,0,0,1,0,0,0,0,0,young
19,study_3,80.0,0,K666N,1,0,7.0,98.32,1.0,1.0,0,0,1,0,0,0,0,0,very_elderly
20,study_3,58.0,1,K666N,1,0,0.0,307.3,1.0,1.0,0,0,1,0,0,0,0,0,elderly
21,study_3,27.0,0,K666N,1,0,0.0,66.4,1.0,1.0,0,0,1,0,0,0,0,0,young
22,study_3,5.0,0,K666N,1,0,0.0,115.0,1.0,1.0,0,0,1,0,0,0,0,0,young
23,study_3,47.0,0,K666N,1,0,0.0,115.0,1.0,1.0,0,0,1,0,0,0,0,0,middle
24,study_3,90.0,0,K666N,1,0,0.0,66.5,1.0,1.0,0,0,1,0,0,0,0,0,very_elderly
25,study_3,39.0,0,K666N,1,0,0.2,115.0,1.0,1.0,0,0,1,0,0,0,0,0,middle
26,study_3,61.0,1,K666N,1,0,0.2,115.0,1.0,1.0,0,0,1,0,0,0,0,0,elderly
27,study_3,29.0,1,K666N,1,0,0.0,101.3,1.0,1.0,0,0,1,0,0,0,0,0,young
28,study_3,35.0,0,K666N,1,0,0.0,66.5,1.0,1.0,0,0,1,0,0,0,0,0,middle
29,study_4,16.0,0,L790F,1,0,0.2,98.32,1.0,1.0,0,0,0,1,1,1,0,0,young
30,study_4,19.0,1,L790F,1,1,23.0,98.32,1.0,1.0,0,0,0,0,1,1,0,0,young
31,study_4,13.0,1,L790F,1,1,11.0,98.32,1.0,1.0,0,0,0,0,0,1,0,0,young
32,study_4,21.0,1,L790F,1,1,5.0,115.0,1.0,1.0,0,0,0,0,0,1,0,0,young
33,study_4,10.0,1,Y791F,1,1,8.0,98.32,1.0,1.0,0,0,0,0,1,1,0,0,young
34,study_4,20.0,0,Y791F,1,0,0.0,41.53,1.0,1.0,0,0,0,0,0,1,0,0,young
35,study_4,24.0,0,V804M,1,0,0.0,307.3,1.0,1.0,0,0,0,0,0,1,0,0,young
36,study_4,31.0,1,V804M,1,0,0.0,115.0,1.0,1.0,0,0,0,0,0,1,0,0,middle
37,study_4,29.0,0,S891A,1,0,0.0,115.0,1.0,1.0,0,0,0,0,0,1,0,0,young
38,study_4,18.0,1,S891A,1,0,0.0,307.3,1.0,1.0,0,0,0,0,0,1,0,0,young
39,study_4,35.0,0,C634R,3,0,0.0,98.32,1.0,1.0,0,0,1,1,1,1,0,0,middle
40,study_4,42.0,1,C634R,3,0,0.0,48.0,1.0,1.0,0,0,1,1,1,1,0,0,middle
41,study_4,34.0,0,C634Y,3,1,18.0,307.3,1.0,1.0,0,0,1,1,1,1,0,0,middle
42,study_4,24.0,0,C634Y,3,0,3.4,34.4,1.0,1.0,0,0,1,0,0,1,0,0,young
43,study_4,47.0,1,C634Y,3,1,26.2,66.4,1.0,1.0,0,0,1,1,1,1,0,0,middle
44,study_4,11.0,0,C634Y,3,0,0.0,66.4,1.0,1.0,0,0,1,0,0,1,0,0,young
45,study_4,38.0,1,C634Y,3,0,0.0,101.3,1.0,1.0,0,0,1,0,0,1,0,0,middle
46,study_4,28.0,1,C634W,3,0,0.0,101.3,1.0,1.0,0,0,1,0,0,1,0,0,young
47,study_4,15.0,0,C634W,3,0,0.0,41.53,1.0,1.0,0,0,1,0,0,1,0,0,young
48,study_4,49.0,1,C634W,3,0,0.0,115.0,1.0,0.0,0,0,0,1,1,1,1,0,middle
49,study_4,27.0,0,C634W,3,0,0.0,66.4,1.0,1.0,0,0,1,0,0,1,0,0,young
50,study_4,41.0,1,C634Y,3,1,80.0,20.0,1.0,0.0,0,0,1,1,1,1,0,0,middle
51,study_4,12.0,0,C634Y,3,0,0.0,98.32,1.0,1.0,0,0,1,0,0,1,0,0,young
52,study_4,15.0,1,C634Y,3,0,0.0,27.2,1.0,1.0,0,0,1,0,0,1,0,0,young
53,study_4,52.0,0,C634Y,3,1,110.0,101.3,1.0,1.0,0,0,0,1,1,1,0,0,elderly
54,study_4,20.0,0,C634Y,3,0,0.0,101.3,1.0,1.0,0,0,1,0,0,1,0,0,young
55,study_4,54.0,1,C634Y,3,1,130.0,66.5,1.0,1.0,0,0,0,1,1,1,0,0,elderly
56,study_4,30.0,0,C634Y,3,0,0.0,311.0,1.0,1.0,0,0,1,0,0,1,0,0,young
57,study_4,40.0,0,C634R,3,1,250.0,101.3,1.0,1.0,0,0,0,1,1,1,0,0,middle
58,study_4,20.0,0,C634R,3,0,0.0,809.4,1.0,1.0,0,0,1,0,0,1,0,0,young
59,study_4,14.0,0,C634R,3,0,0.0,307.3,1.0,1.0,0,0,1,0,0,1,0,0,young
60,study_4,49.0,0,C634Y,3,1,200.0,115.0,1.0,1.0,0,0,0,1,1,1,0,0,middle
61,study_4,17.0,0,C634Y,3,0,0.0,39.1,1.0,1.0,0,0,1,0,0,1,0,0,young
62,study_4,29.0,1,C618S,2,1,30.0,311.0,1.0,1.0,0,0,0,1,1,1,0,0,young
63,study_4,13.0,0,C618S,2,0,0.0,66.5,1.0,1.0,0,0,1,0,0,1,0,0,young
64,study_4,31.0,1,C634R,3,1,43.6,37.1,1.0,1.0,0,0,0,1,1,1,0,0,middle
65,study_4,9.0,1,C634R,3,0,0.0,7.4,1.0,1.0,0,0,1,0,0,1,0,0,young
66,study_4,36.0,0,C630R,2,1,75.0,66.5,1.0,1.0,0,0,0,1,1,1,0,0,middle
67,study_4,12.0,0,C630R,2,0,0.0,101.3,1.0,1.0,0,0,1,0,0,1,0,0,young
68,study_4,10.0,0,C630R,2,0,0.0,98.32,1.0,1.0,0,0,1,0,0,1,0,0,young
69,study_4,25.0,1,C634R,3,1,41.0,115.0,1.0,1.0,0,0,0,1,1,1,0,0,young
70,study_4,34.0,0,C634R,3,0,0.0,23.6,1.0,1.0,0,0,1,0,0,1,0,0,middle
71,study_4,44.0,1,C620Y,2,1,19.3,98.32,1.0,1.0,0,0,0,1,1,1,0,0,middle
72,study_4,14.0,0,C620Y,2,0,0.0,41.53,1.0,1.0,0,0,1,0,0,1,0,0,young
73,study_4,38.0,0,C630R,2,1,12.0,307.3,1.0,1.0,0,0,1,1,1,1,0,0,middle
74,study_4,13.0,0,C630R,2,0,0.0,115.0,1.0,1.0,0,0,1,0,0,1,0,0,young
75,study_5,40.0,0,K666N,1,1,16.8,1.4,0.0,0.0,0,0,0,1,1,0,1,1,middle
76,study_5,42.0,0,K666N,1,0,5.2,1.5,0.0,0.0,0,0,0,0,0,0,0,0,middle
77,study_5,46.0,1,K666N,1,1,19.8,66.5,1.0,1.0,0,0,0,0,0,0,0,0,middle
78,study_5,21.0,0,K666N,1,0,0.2,307.3,1.0,1.0,0,0,0,0,0,0,0,0,young
79,study_6,59.0,0,K666N,1,1,1675.0,101.3,1.0,0.0,0,0,0,0,0,0,0,0,elderly
80,study_6,61.0,0,K666N,1,0,0.0,66.5,1.0,1.0,0,0,1,0,0,0,0,0,elderly
81,study_6,32.0,1,K666N,1,1,16.0,115.0,1.0,1.0,0,0,1,0,0,0,0,0,middle
82,study_6,30.0,0,K666N,1,0,0.0,101.3,1.0,1.0,0,0,1,0,0,0,0,0,young
83,study_6,43.0,0,K666N,1,0,0.0,98.32,1.0,1.0,0,0,0,0,0,0,0,0,middle
84,study_6,25.0,0,K666N,1,0,0.0,98.32,1.0,1.0,0,0,0,0,0,0,0,0,young
85,study_6,82.0,0,K666N,1,0,0.0,101.3,1.0,1.0,0,0,1,0,0,0,0,0,very_elderly
86,study_7,65.0,0,S891A,1,0,0.0,29.7,1.0,0.0,0,0,0,0,0,0,0,0,elderly
87,study_7,58.0,1,S891A,1,1,589.6,41.53,1.0,0.0,0,0,0,0,0,0,0,0,elderly
88,study_7,45.0,0,S891A,1,0,0.0,22.8,1.0,0.0,0,0,0,0,0,0,0,0,middle
89,study_7,44.0,0,S891A,1,0,0.0,115.0,1.0,1.0,0,0,0,0,0,0,0,0,middle
90,study_7,64.0,0,R525W,1,0,0.2,66.5,1.0,1.0,0,0,0,0,0,0,0,0,elderly
91,study_7,22.0,0,R525W,1,0,0.2,34.4,1.0,1.0,0,0,0,0,0,0,0,0,young
92,study_7,20.0,0,R525W,1,0,0.0,115.0,1.0,1.0,0,0,0,0,0,0,0,0,young
93,study_7,10.0,0,S891A,1,0,0.0,307.3,1.0,1.0,0,0,0,0,0,0,0,0,young
94,study_7,8.0,0,S891A,1,0,0.0,23.6,1.0,1.0,0,0,0,0,0,0,0,0,young
95,study_7,6.0,0,S891A,1,0,0.0,41.53,1.0,1.0,0,0,0,0,0,0,0,0,young
96,study_7,6.0,0,S891A,1,0,0.0,34.4,1.0,1.0,0,0,0,0,0,0,0,0,young
97,study_7,3.0,0,R525W,1,0,0.0,98.32,1.0,1.0,0,0,0,0,0,0,0,0,young
98,study_7,3.0,0,R525W,1,0,0.0,101.3,1.0,1.0,0,0,0,0,0,0,0,0,young
99,study_7,1.0,0,R525W,1,0,0.0,101.3,1.0,1.0,0,0,0,0,0,0,0,0,young
100,study_7,1.0,0,R525W,1,0,0.0,311.0,1.0,1.0,0,0,0,0,0,0,0,0,young
101,study_8,39.0,1,V804M,1,0,4.0,3.7,0.0,0.0,0,1,1,1,1,1,0,0,middle
102,study_9,25.0,1,C634R,3,1,732.0,66.4,1.0,0.0,0,0,0,1,1,0,0,0,young
103,study_9,27.6,1,M918T,3,1,40871.0,1186.0,1.0,0.0,0,0,0,1,1,0,0,0,young
104,study_9,30.2,0,A883F,3,1,1749.0,311.0,1.0,0.0,0,0,0,1,1,0,0,0,middle
105,study_9,32.8,1,C634W,3,1,68.0,16.2,1.0,0.0,0,0,0,1,1,0,0,0,middle
106,study_9,35.4,0,E632_C634del,3,1,357.0,307.3,1.0,0.0,0,0,0,1,1,0,0,0,middle
107,study_9,38.0,1,M918T,3,1,443.0,37.1,1.0,0.0,0,0,0,1,1,0,0,0,middle
108,study_9,40.6,0,C634S,3,1,126.0,39.1,1.0,0.0,0,0,0,1,1,0,0,0,middle
109,study_9,43.2,1,M918T,3,1,594.0,48.0,1.0,0.0,0,0,0,1,1,0,0,0,middle
110,study_9,45.8,0,C634S,3,1,251.0,66.5,1.0,0.0,0,0,0,1,1,0,0,0,middle
111,study_9,48.400000000000006,1,D898_E901del,2,1,247.0,6.7,1.0,0.0,0,0,0,1,1,0,0,0,middle
112,study_9,51.0,0,C620W,2,0,0.0,98.32,1.0,1.0,0,0,0,1,1,0,0,0,elderly
113,study_9,53.6,1,V899_E902del,2,1,311.0,34.4,1.0,0.0,0,0,0,1,1,0,0,0,elderly
114,study_9,56.2,0,M918T,3,1,10288.0,809.4,1.0,0.0,0,0,0,1,1,0,0,0,elderly
115,study_9,58.8,1,M918T,3,0,0.0,66.4,1.0,1.0,0,0,0,1,1,0,0,0,elderly
116,study_9,61.4,0,C630R,2,1,7838.0,29.0,1.0,0.0,0,0,0,1,1,0,0,0,elderly
117,study_9,64.0,1,C634S,3,1,99.9,21.8,1.0,0.0,0,0,0,1,1,0,0,0,elderly
118,study_9,66.6,0,M918T,3,0,0.0,98.32,1.0,1.0,0,0,0,1,1,0,0,0,elderly
119,study_9,69.2,1,C634Y,3,1,66.7,7.4,1.0,0.0,0,0,0,1,1,0,0,0,elderly
120,study_9,71.80000000000001,0,E632_L633del,3,1,195.0,23.6,1.0,0.0,0,0,0,1,1,0,0,0,very_elderly
121,study_9,74.4,1,M918T,3,1,26700.0,311.0,1.0,1.0,0,0,0,1,1,0,0,0,very_elderly
122,study_9,77.0,0,C630G,2,1,404.0,101.3,1.0,1.0,0,0,0,1,1,0,0,0,very_elderly
123,study_10,28.0,1,C634Y,3,1,0.0,101.3,1.0,1.0,1,0,1,1,1,1,1,0,young
124,study_10,34.0,0,C634Y,3,0,0.0,34.4,1.0,1.0,0,0,1,1,1,1,1,1,middle
125,study_11,12.0,0,M918T,3,1,1187.0,98.32,1.0,0.0,0,0,0,1,1,1,0,0,young
126,study_12,27.0,0,Y791F,1,0,5.0,101.3,1.0,1.0,0,0,0,0,0,1,1,0,young
127,study_13,57.0,0,S891A,1,1,37.0,66.5,1.0,1.0,0,0,1,0,0,1,1,1,elderly
128,study_13,27.0,1,S891A,1,0,0.0,307.3,1.0,1.0,0,0,1,0,0,1,0,0,young
129,study_14,0.5,0,M918T,3,1,69.05,22.8,1.0,1.0,0,0,1,0,1,1,0,0,young
130,study_14,0.5,1,M918T,3,1,495.0,48.0,1.0,1.0,0,0,1,1,1,1,0,0,young
131,study_14,0.5,0,M918T,3,1,119.75,98.32,1.0,1.0,0,0,0,1,1,1,0,0,young
132,study_14,0.6,1,M918T,3,1,1210.0,66.5,1.0,1.0,0,0,0,1,1,1,0,0,young
133,study_14,1.0,1,M918T,3,1,169.5,101.3,1.0,1.0,1,0,0,1,1,1,0,0,young
134,study_14,2.0,0,M918T,3,1,51.5,101.3,1.0,1.0,0,0,0,0,1,1,0,0,young
135,study_14,2.9,0,M918T,3,1,1350.0,101.3,1.0,1.0,1,0,0,1,1,1,0,0,young
136,study_14,3.0,0,M918T,3,1,280.5,101.3,1.0,1.0,0,0,0,1,1,1,0,0,young
137,study_14,3.8,1,M918T,3,1,225.5,98.32,1.0,1.0,0,0,0,1,1,1,0,0,young
0_variant_0,study_1,22.349296532508152,0,K666N,1,0,2.7771653622520365,115.0,1.0,1.0,0,0,0,0,0,0,0,0,young
0_variant_1,study_1,21.249519468544886,0,K666N,1,0,0.0,115.0,1.0,1.0,0,0,0,0,0,0,0,0,young
1_variant_0,study_1,19.257365597929454,0,K666N,1,0,0.0,41.53,1.0,1.0,0,0,1,0,0,0,0,0,young
1_variant_1,study_1,18.0,0,K666N,1,0,4.951848411984516,41.53,1.0,1.0,0,0,1,0,0,0,0,0,young
1_variant_2,study_1,19.715861807471295,0,K666N,1,0,0.0,41.53,1.0,1.0,0,0,1,0,0,0,0,0,young
2_variant_0,study_1,55.571010920536196,1,K666N,1,1,20.434904790236004,101.3,1.0,1.0,1,0,1,1,1,0,0,0,elderly
2_variant_1,study_1,58.42463144660997,Female,K666N,1,1,22.563856356796034,101.3,1.0,1.0,0,0,1,1,1,0,0,0,elderly
3_variant_0,study_1,82.19923844968227,Female,K666N,1,1,41.737199105233195,115.0,1.0,1.0,0,0,1,0,1,0,0,0,very_elderly
3_variant_1,study_1,80.93534341597321,0,K666N,1,1,36.1912230680124,115.0,1.0,1.0,1,0,1,0,1,0,0,0,very_elderly
3_variant_2,study_1,86.46763473630956,0,K666N,1,1,30.895781750144888,115.0,1.0,1.0,0,0,1,0,1,0,0,0,very_elderly
4_variant_0,study_2,35.61560284547745,0,E505_G506del,2,1,8.233286392543121,115.0,1.0,1.0,1,1,1,1,1,1,1,0,middle
4_variant_1,study_2,37.518081119576536,0,E505_G506del,2,1,9.520993837763658,115.0,1.0,1.0,1,0,1,1,1,1,1,0,middle
4_variant_2,study_2,37.79045812069063,0,E505_G506del,2,1,16.108855580070383,115.0,1.0,1.0,0,0,1,1,1,1,1,0,middle
5_variant_0,study_3,51.6083430859553,0,K666N,1,1,12.87214441314011,39.1,1.0,1.0,1,0,0,1,1,0,0,0,elderly
5_variant_1,study_3,52.96923399908212,Female,K666N,1,1,15.258381444204339,39.1,1.0,1.0,0,0,0,1,1,0,0,0,elderly
5_variant_2,study_3,58.092998567487854,0,K666N,1,1,16.856400595580993,39.1,1.0,1.0,1,1,0,1,1,0,0,0,elderly
6_variant_0,study_3,31.310994450612093,0,K666N,1,1,1987.4400608974654,20.05,1.0,0.0,1,0,0,1,1,0,0,0,middle
6_variant_1,study_3,29.277534139167834,0,K666N,1,1,1991.1897647161245,20.05,1.0,0.0,1,0,0,1,1,0,0,0,middle
7_variant_0,study_3,33.08418681652524,0,K666N,1,1,28007.69018283233,27.2,1.0,0.0,1,0,0,1,1,0,0,0,middle
7_variant_1,study_3,30.804084829954398,0,K666N,1,1,27999.695679562625,27.2,1.0,0.0,1,0,0,1,1,0,0,0,middle
8_variant_0,study_3,70.38284252902575,0,K666N,1,1,18.90344770865013,115.0,1.0,1.0,1,0,0,1,1,0,0,0,elderly
8_variant_1,study_3,69.86876149802413,0,K666N,1,1,20.118665384875708,115.0,1.0,1.0,1,1,0,1,1,0,0,0,elderly
8_variant_2,study_3,64.68422859799647,0,K666N,1,1,11.223267776411475,115.0,1.0,1.0,1,0,0,1,1,0,0,0,elderly
9_variant_0,study_3,56.89384071836794,1,K666N,1,0,0.0,115.0,1.0,1.0,1,0,0,1,1,0,0,0,elderly
9_variant_1,study_3,51.03447185730959,1,K666N,1,0,1.9275897194438314,115.0,1.0,1.0,1,1,0,1,1,0,0,0,elderly
9_variant_2,study_3,58.516142865001974,1,K666N,1,0,2.220254284072692,115.0,1.0,1.0,1,1,0,1,1,0,0,0,elderly
10_variant_0,study_3,58.46194895063288,0,K666N,1,1,63.28755315609969,311.0,1.0,1.0,1,1,0,1,1,0,0,0,elderly
10_variant_1,study_3,60.8068658475971,Female,K666N,1,1,69.12451167522364,311.0,1.0,1.0,1,0,0,1,1,0,0,0,elderly
11_variant_0,study_3,64.89586469088427,0,K666N,1,0,0.0,22.3,1.0,0.0,1,0,0,1,1,0,0,0,elderly
11_variant_1,study_3,62.67399168212917,0,K666N,1,0,4.065704279446244,22.3,1.0,0.0,1,0,0,1,1,0,0,0,elderly
11_variant_2,study_3,66.76057128140081,Female,K666N,1,1,11.152278129049892,22.3,1.0,0.0,0,0,0,1,1,0,0,0,elderly
12_variant_0,study_3,69.80151940278435,0,K666N,1,0,0.6048540297228351,7.4,1.0,1.0,1,1,0,1,1,0,0,0,elderly
12_variant_1,study_3,66.6625348432488,0,K666N,1,0,3.2274156542383747,7.4,1.0,1.0,1,0,0,1,1,0,0,0,elderly
12_variant_2,study_3,65.28403852296829,0,K666N,1,0,0.0,7.4,1.0,1.0,1,0,0,1,1,0,0,0,elderly
13_variant_0,study_3,59.44055165210901,0,K666N,1,1,19.845678417830225,16.2,1.0,1.0,0,0,1,0,0,0,0,0,elderly
13_variant_1,study_3,52.17755029631632,Female,K666N,1,1,26.92316929266152,16.2,1.0,1.0,0,0,1,0,0,0,0,0,elderly
13_variant_2,study_3,57.77964838274527,0,K666N,1,1,29.90911435888655,16.2,1.0,1.0,0,0,1,0,0,0,0,0,elderly
14_variant_0,study_3,70.32613539888216,0,K666N,1,0,0.7288182351388031,66.4,1.0,1.0,0,0,1,1,1,0,0,0,elderly
14_variant_1,study_3,71.95914493314928,0,K666N,1,0,5.713437327313558,66.4,1.0,1.0,1,0,1,1,1,0,0,0,elderly
14_variant_2,study_3,69.57102719587742,0,K666N,1,0,0.0,66.4,1.0,1.0,0,0,1,1,1,0,0,0,elderly
15_variant_0,study_3,18.0,0,K666N,1,0,4.1354230187122605,101.3,1.0,1.0,0,0,1,0,1,0,0,0,young
15_variant_1,study_3,22.890128387732965,0,K666N,1,0,2.2639046346824916,101.3,1.0,1.0,0,0,1,0,1,0,0,0,young
15_variant_2,study_3,19.26383565199139,0,K666N,1,0,0.0,101.3,1.0,1.0,1,0,1,0,1,0,0,0,young
16_variant_0,study_3,22.731536655484003,1,K666N,1,0,0.0,66.5,1.0,1.0,0,0,1,0,0,0,0,0,young
16_variant_1,study_3,24.093300341960955,1,K666N,1,0,5.860144519022001,66.5,1.0,1.0,1,0,1,0,0,0,0,0,young
17_variant_0,study_3,30.12594019341007,0,K666N,1,0,0.0,66.5,1.0,1.0,0,0,1,0,0,0,0,0,young
17_variant_1,study_3,29.62760283335502,0,K666N,1,0,3.701704089738693,66.5,1.0,1.0,0,0,1,0,0,0,0,0,young
17_variant_2,study_3,28.64261330296599,0,K666N,1,0,3.8852489745180394,66.5,1.0,1.0,0,0,1,0,0,0,0,0,young
18_variant_0,study_3,23.045795255436513,0,K666N,1,0,0.0,34.4,1.0,1.0,0,0,1,0,0,0,0,0,young
18_variant_1,study_3,31.90533765270594,0,K666N,1,0,0.0,34.4,1.0,1.0,1,0,1,0,0,0,0,0,young
18_variant_2,study_3,32.64851298152817,0,K666N,1,0,0.0,34.4,1.0,1.0,0,0,1,0,0,0,0,0,young
19_variant_0,study_3,82.71536587986968,0,K666N,1,0,3.980478137577357,98.32,1.0,1.0,0,0,1,0,0,0,0,0,very_elderly
19_variant_1,study_3,80.0717954433975,0,K666N,1,1,11.359569944061963,98.32,1.0,1.0,0,0,1,0,0,0,0,0,very_elderly
20_variant_0,study_3,57.504071156339315,Female,K666N,1,0,0.0,307.3,1.0,1.0,0,0,1,0,0,0,0,0,elderly
20_variant_1,study_3,58.20505375331149,1,K666N,1,0,0.0,307.3,1.0,1.0,0,0,1,0,0,0,0,0,elderly
21_variant_0,study_3,33.94397570002052,0,K666N,1,0,0.0,66.4,1.0,1.0,0,0,1,0,0,0,0,0,young
21_variant_1,study_3,25.5842044026317,0,K666N,1,0,5.44475298483683,66.4,1.0,1.0,0,0,1,0,0,0,0,0,young
22_variant_0,study_3,18.0,0,K666N,1,0,0.0,115.0,1.0,1.0,0,0,1,0,0,0,0,0,young
22_variant_1,study_3,18.0,0,K666N,1,0,2.111568808320323,115.0,1.0,1.0,0,0,1,0,0,0,0,0,young
23_variant_0,study_3,50.144059231984855,0,K666N,1,0,0.0,115.0,1.0,1.0,0,0,1,0,0,0,0,0,middle
23_variant_1,study_3,44.684542766729734,0,K666N,1,1,8.30650865304077,115.0,1.0,1.0,1,0,1,0,0,0,0,0,middle
23_variant_2,study_3,52.29636272084329,0,K666N,1,0,2.0249085548047776,115.0,1.0,1.0,1,0,1,0,0,0,0,0,middle
24_variant_0,study_3,87.63719426892338,0,K666N,1,1,9.618122060726396,66.5,1.0,1.0,1,0,1,0,0,0,0,0,very_elderly
24_variant_1,study_3,87.95998699764617,Female,K666N,1,0,0.0,66.5,1.0,1.0,0,0,1,0,0,0,0,0,very_elderly
25_variant_0,study_3,38.287824116379994,Female,K666N,1,1,9.560028402361521,115.0,1.0,1.0,0,0,1,0,0,0,0,0,middle
25_variant_1,study_3,35.11517257656042,0,K666N,1,0,0.0,115.0,1.0,1.0,0,0,1,0,0,0,0,0,middle
25_variant_2,study_3,43.62920295557725,Female,K666N,1,0,6.816319035756183,115.0,1.0,1.0,0,0,1,0,0,0,0,0,middle
26_variant_0,study_3,61.00544083358403,1,K666N,1,0,3.979676408958262,115.0,1.0,1.0,0,0,1,0,0,0,0,0,elderly
26_variant_1,study_3,62.703305103272875,1,K666N,1,0,0.9409086568957459,115.0,1.0,1.0,0,0,1,0,0,0,0,0,elderly
26_variant_2,study_3,64.51730734717673,1,K666N,1,0,2.8570000548016483,115.0,1.0,1.0,0,0,1,0,0,0,0,0,elderly
27_variant_0,study_3,35.3991001239688,1,K666N,1,0,0.0,101.3,1.0,1.0,0,0,1,0,0,0,0,0,young
27_variant_1,study_3,29.842975603205097,Female,K666N,1,0,0.0,101.3,1.0,1.0,0,0,1,0,0,0,0,0,young
28_variant_0,study_3,31.62514478650143,0,K666N,1,0,6.409601901571008,66.5,1.0,1.0,0,0,1,0,0,0,0,0,middle
28_variant_1,study_3,31.871115819191445,0,K666N,1,0,6.632358341595239,66.5,1.0,1.0,1,0,1,0,0,0,0,0,middle
28_variant_2,study_3,35.1522318765658,0,K666N,1,0,2.472999459408572,66.5,1.0,1.0,0,0,1,0,0,0,0,0,middle
29_variant_0,study_4,18.0,0,L790F,1,0,0.78663691654391,98.32,1.0,1.0,0,0,0,1,1,1,0,0,young
29_variant_1,study_4,18.0,0,L790F,1,0,0.0,98.32,1.0,1.0,1,0,0,1,1,1,0,0,young
30_variant_0,study_4,18.0,1,L790F,1,1,16.289963479733217,98.32,1.0,1.0,0,0,0,0,1,1,0,0,young
30_variant_1,study_4,18.0,Female,L790F,1,1,18.78632451756539,98.32,1.0,1.0,1,0,0,0,1,1,0,0,young
31_variant_0,study_4,18.0,1,L790F,1,1,7.93452658545811,98.32,1.0,1.0,0,0,0,0,0,1,0,0,young
31_variant_1,study_4,18.73695291951991,1,L790F,1,1,16.32613541273459,98.32,1.0,1.0,1,0,0,0,0,1,0,0,young
32_variant_0,study_4,19.972233395308063,1,L790F,1,0,6.246572708109776,115.0,1.0,1.0,0,0,0,0,0,1,0,0,young
32_variant_1,study_4,21.973554949123667,1,L790F,1,1,13.3764662483411,115.0,1.0,1.0,0,0,0,0,0,1,0,0,young
33_variant_0,study_4,18.0,1,Y791F,1,1,14.789403940499941,98.32,1.0,1.0,1,0,0,0,1,1,0,0,young
33_variant_1,study_4,18.0,Female,Y791F,1,1,9.160249686788182,98.32,1.0,1.0,0,0,0,0,1,1,0,0,young
34_variant_0,study_4,20.869648434611378,0,Y791F,1,0,0.0,41.53,1.0,1.0,0,0,0,0,0,1,0,0,young
34_variant_1,study_4,19.508404209611097,0,Y791F,1,1,9.30389027059583,41.53,1.0,1.0,0,0,0,0,0,1,0,0,young
34_variant_2,study_4,18.0,0,Y791F,1,0,0.0,41.53,1.0,1.0,1,0,0,0,0,1,0,0,young
35_variant_0,study_4,24.968155681014267,0,V804M,1,0,0.0,307.3,1.0,1.0,0,0,0,0,0,1,0,0,young
35_variant_1,study_4,23.67371955462943,0,V804M,1,0,2.008558610494707,307.3,1.0,1.0,0,0,0,0,0,1,0,0,young
35_variant_2,study_4,24.67227744543125,Female,V804M,1,0,0.0629620039089743,307.3,1.0,1.0,0,0,0,0,0,1,0,0,young
36_variant_0,study_4,28.8945596724172,1,V804M,1,0,0.0,115.0,1.0,1.0,0,0,0,0,0,1,0,0,middle
36_variant_1,study_4,35.31026401764866,1,V804M,1,0,0.0,115.0,1.0,1.0,0,0,0,0,0,1,0,0,middle
36_variant_2,study_4,30.57015022384876,1,V804M,1,0,0.0,115.0,1.0,1.0,0,0,0,0,0,1,0,0,middle
37_variant_0,study_4,28.52682812523769,0,S891A,1,0,0.0,115.0,1.0,1.0,0,0,0,0,0,1,0,0,young
37_variant_1,study_4,23.261880448807343,0,S891A,1,0,1.8123822940265102,115.0,1.0,1.0,0,0,0,0,0,1,0,0,young
37_variant_2,study_4,31.225889049588396,0,S891A,1,0,7.383293127148145,115.0,1.0,1.0,0,0,0,0,0,1,0,0,young
38_variant_0,study_4,18.0,1,S891A,1,0,0.9479246008029445,307.3,1.0,1.0,0,0,0,0,0,1,0,0,young
38_variant_1,study_4,19.02184575386508,1,S891A,1,0,0.0,307.3,1.0,1.0,0,0,0,0,0,1,0,0,young
38_variant_2,study_4,21.460595616023603,1,S891A,1,0,0.0,307.3,1.0,1.0,1,1,0,0,0,1,0,0,young
39_variant_0,study_4,34.674114007733436,0,C634R,3,0,0.0,98.32,1.0,1.0,0,0,1,1,1,1,0,0,middle
39_variant_1,study_4,39.548699968801685,0,C634R,3,0,1.5622924054897371,98.32,1.0,1.0,0,0,1,1,1,1,0,0,middle
40_variant_0,study_4,39.78114369171195,1,C634R,3,0,0.0,48.0,1.0,1.0,1,1,1,1,1,1,0,0,middle
40_variant_1,study_4,43.007846228562485,Female,C634R,3,0,2.472046436249144,48.0,1.0,1.0,1,1,1,1,1,1,0,0,middle
41_variant_0,study_4,38.65345592656757,0,C634Y,3,1,18.578373171464293,307.3,1.0,1.0,0,0,1,1,1,1,0,0,middle
41_variant_1,study_4,40.18224377464596,0,C634Y,3,1,26.77670421221602,307.3,1.0,1.0,1,1,1,1,1,1,0,0,middle
41_variant_2,study_4,38.46713552165344,0,C634Y,3,1,22.389125842400567,307.3,1.0,1.0,1,1,1,1,1,1,0,0,middle
42_variant_0,study_4,28.831735389669902,0,C634Y,3,1,9.769966952944094,34.4,1.0,1.0,1,0,1,0,0,1,0,0,young
42_variant_1,study_4,18.0,0,C634Y,3,1,13.206517359818188,34.4,1.0,1.0,1,0,1,0,0,1,0,0,young
42_variant_2,study_4,26.905885453882036,0,C634Y,3,0,6.628663943616237,34.4,1.0,1.0,0,0,1,0,0,1,0,0,young
43_variant_0,study_4,46.15584468034674,1,C634Y,3,1,17.87653401902496,66.4,1.0,1.0,1,1,1,1,1,1,0,0,middle
43_variant_1,study_4,43.08659149848544,Female,C634Y,3,1,29.548362744150193,66.4,1.0,1.0,1,1,1,1,1,1,0,0,middle
44_variant_0,study_4,18.0,0,C634Y,3,0,0.0,66.4,1.0,1.0,0,0,1,0,0,1,0,0,young
44_variant_1,study_4,18.0,0,C634Y,3,0,0.0,66.4,1.0,1.0,0,0,1,0,0,1,0,0,young
45_variant_0,study_4,36.40922714488268,1,C634Y,3,0,0.0,101.3,1.0,1.0,1,0,1,0,0,1,0,0,middle
45_variant_1,study_4,33.697733392302425,1,C634Y,3,0,0.0,101.3,1.0,1.0,0,0,1,0,0,1,0,0,middle
46_variant_0,study_4,26.12428544933933,1,C634W,3,0,0.0,101.3,1.0,1.0,0,0,1,0,0,1,0,0,young
46_variant_1,study_4,24.321840987405693,1,C634W,3,0,0.20832633562691413,101.3,1.0,1.0,1,0,1,0,0,1,0,0,young
47_variant_0,study_4,18.0,0,C634W,3,0,2.89752200774927,41.53,1.0,1.0,0,0,1,0,0,1,0,0,young
47_variant_1,study_4,22.12242523020179,0,C634W,3,0,0.0,41.53,1.0,1.0,0,0,1,0,0,1,0,0,young
47_variant_2,study_4,18.0,0,C634W,3,0,0.0,41.53,1.0,1.0,0,0,1,0,0,1,0,0,young
48_variant_0,study_4,45.49069469852473,1,C634W,3,0,0.0,115.0,1.0,0.0,1,1,0,1,1,1,1,0,middle
48_variant_1,study_4,52.568799343854245,Female,C634W,3,0,1.1166807934817764,115.0,1.0,0.0,1,1,0,1,1,1,1,0,middle
49_variant_0,study_4,32.06142490521769,0,C634W,3,0,4.408198784747253,66.4,1.0,1.0,0,0,1,0,0,1,0,0,young
49_variant_1,study_4,27.232104922942856,0,C634W,3,0,0.0,66.4,1.0,1.0,0,0,1,0,0,1,0,0,young
50_variant_0,study_4,34.97729593591168,1,C634Y,3,1,85.33728086117375,20.0,1.0,0.0,0,0,1,1,1,1,0,0,middle
50_variant_1,study_4,36.75439244144746,1,C634Y,3,1,82.97700567855212,20.0,1.0,0.0,1,0,1,1,1,1,0,0,middle
51_variant_0,study_4,18.0,0,C634Y,3,0,0.0,98.32,1.0,1.0,1,0,1,0,0,1,0,0,young
51_variant_1,study_4,18.0,0,C634Y,3,0,3.4232110077758424,98.32,1.0,1.0,1,0,1,0,0,1,0,0,young
52_variant_0,study_4,18.0,1,C634Y,3,0,2.2570559932374907,27.2,1.0,1.0,0,0,1,0,0,1,0,0,young
52_variant_1,study_4,18.0,1,C634Y,3,1,8.915564176875284,27.2,1.0,1.0,0,0,1,0,0,1,0,0,young
52_variant_2,study_4,18.0,1,C634Y,3,0,3.1931182491882204,27.2,1.0,1.0,0,0,1,0,0,1,0,0,young
53_variant_0,study_4,47.42712840049003,0,C634Y,3,1,113.98868157289317,101.3,1.0,1.0,1,0,0,1,1,1,0,0,elderly
53_variant_1,study_4,50.04449167659352,0,C634Y,3,1,110.23699335658208,101.3,1.0,1.0,1,1,0,1,1,1,0,0,elderly
54_variant_0,study_4,21.879848202598954,Female,C634Y,3,0,0.0,101.3,1.0,1.0,1,1,1,0,0,1,0,0,young
54_variant_1,study_4,19.78497789032769,0,C634Y,3,0,0.0,101.3,1.0,1.0,0,0,1,0,0,1,0,0,young
54_variant_2,study_4,18.320774075815184,0,C634Y,3,1,7.525125573304105,101.3,1.0,1.0,0,0,1,0,0,1,0,0,young
55_variant_0,study_4,55.46413223813625,1,C634Y,3,1,137.90067047537602,66.5,1.0,1.0,1,0,0,1,1,1,0,0,elderly
55_variant_1,study_4,52.53718132778252,1,C634Y,3,1,127.8372090609019,66.5,1.0,1.0,0,0,0,1,1,1,0,0,elderly
55_variant_2,study_4,54.86932457068924,1,C634Y,3,1,140.3770039932272,66.5,1.0,1.0,0,0,0,1,1,1,0,0,elderly
56_variant_0,study_4,28.497640852747217,0,C634Y,3,1,9.535094509552778,311.0,1.0,1.0,0,0,1,0,0,1,0,0,young
56_variant_1,study_4,32.12377310090902,0,C634Y,3,1,11.042252629330907,311.0,1.0,1.0,0,0,1,0,0,1,0,0,young
57_variant_0,study_4,39.282464001909496,0,C634R,3,1,254.11552487872504,101.3,1.0,1.0,0,0,0,1,1,1,0,0,middle
57_variant_1,study_4,37.345552174246045,0,C634R,3,1,251.43470630612148,101.3,1.0,1.0,1,1,0,1,1,1,0,0,middle
58_variant_0,study_4,25.11747457801306,0,C634R,3,0,0.0,809.4,1.0,1.0,0,0,1,0,0,1,0,0,young
58_variant_1,study_4,22.484460471170316,0,C634R,3,0,5.049474805248301,809.4,1.0,1.0,1,0,1,0,0,1,0,0,young
58_variant_2,study_4,19.8447230458841,0,C634R,3,1,9.20471534968604,809.4,1.0,1.0,1,0,1,0,0,1,0,0,young
59_variant_0,study_4,18.0,0,C634R,3,0,0.0,307.3,1.0,1.0,1,0,1,0,0,1,0,0,young
59_variant_1,study_4,18.0,0,C634R,3,0,6.778189294024754,307.3,1.0,1.0,0,0,1,0,0,1,0,0,young
60_variant_0,study_4,52.54592214586544,0,C634Y,3,1,201.79085922680673,115.0,1.0,1.0,1,1,0,1,1,1,0,0,middle
60_variant_1,study_4,43.961622153994625,0,C634Y,3,1,196.97468462004048,115.0,1.0,1.0,0,0,0,1,1,1,0,0,middle
61_variant_0,study_4,24.33725593885048,Female,C634Y,3,0,0.6461059098761375,39.1,1.0,1.0,0,0,1,0,0,1,0,0,young
61_variant_1,study_4,18.0,0,C634Y,3,0,3.6288331194934598,39.1,1.0,1.0,0,0,1,0,0,1,0,0,young
61_variant_2,study_4,18.0,0,C634Y,3,0,2.3573417856799788,39.1,1.0,1.0,0,0,1,0,0,1,0,0,young
62_variant_0,study_4,28.012178878832547,1,C618S,2,1,27.64859276635278,311.0,1.0,1.0,1,0,0,1,1,1,0,0,young
62_variant_1,study_4,25.29516681938776,1,C618S,2,1,24.503220875839556,311.0,1.0,1.0,1,1,0,1,1,1,0,0,young
62_variant_2,study_4,26.610491124027238,1,C618S,2,1,33.303876158610706,311.0,1.0,1.0,1,1,0,1,1,1,0,0,young
63_variant_0,study_4,18.0,0,C618S,2,0,0.36658983594201944,66.5,1.0,1.0,0,0,1,0,0,1,0,0,young
63_variant_1,study_4,18.0,0,C618S,2,1,8.345107626446964,66.5,1.0,1.0,0,0,1,0,0,1,0,0,young
63_variant_2,study_4,18.0,0,C618S,2,0,0.0,66.5,1.0,1.0,0,0,1,0,0,1,0,0,young
64_variant_0,study_4,34.116478435335786,1,C634R,3,1,40.10891985842324,37.1,1.0,1.0,1,1,0,1,1,1,0,0,middle
64_variant_1,study_4,32.33619647323522,1,C634R,3,1,43.67105944408099,37.1,1.0,1.0,1,0,0,1,1,1,0,0,middle
64_variant_2,study_4,26.981114505418624,1,C634R,3,1,44.34445113826112,37.1,1.0,1.0,1,1,0,1,1,1,0,0,middle
65_variant_0,study_4,18.0,1,C634R,3,0,0.0,7.4,1.0,1.0,1,1,1,0,0,1,0,0,young
65_variant_1,study_4,18.0,Female,C634R,3,0,0.0,7.4,1.0,1.0,0,0,1,0,0,1,0,0,young
66_variant_0,study_4,43.289543185961904,0,C630R,2,1,84.74866297800615,66.5,1.0,1.0,1,0,0,1,1,1,0,0,middle
66_variant_1,study_4,35.10408662460445,Female,C630R,2,1,71.42095065565691,66.5,1.0,1.0,0,0,0,1,1,1,0,0,middle
67_variant_0,study_4,18.0,0,C630R,2,0,0.0,101.3,1.0,1.0,1,0,1,0,0,1,0,0,young
67_variant_1,study_4,18.0,Female,C630R,2,0,6.3577754749707935,101.3,1.0,1.0,1,0,1,0,0,1,0,0,young
67_variant_2,study_4,18.0,0,C630R,2,0,0.0,101.3,1.0,1.0,0,0,1,0,0,1,0,0,young
68_variant_0,study_4,18.0,0,C630R,2,0,3.1169971945817583,98.32,1.0,1.0,0,0,1,0,0,1,0,0,young
68_variant_1,study_4,18.0,Female,C630R,2,0,0.0,98.32,1.0,1.0,0,0,1,0,0,1,0,0,young
69_variant_0,study_4,25.978399066726354,1,C634R,3,1,34.74443211807348,115.0,1.0,1.0,0,0,0,1,1,1,0,0,young
69_variant_1,study_4,23.431830938442882,1,C634R,3,1,46.245046129184445,115.0,1.0,1.0,1,0,0,1,1,1,0,0,young
70_variant_0,study_4,32.57340836750695,0,C634R,3,0,5.078434725317421,23.6,1.0,1.0,0,0,1,0,0,1,0,0,middle
70_variant_1,study_4,32.89908040335885,0,C634R,3,0,2.361983214196791,23.6,1.0,1.0,0,0,1,0,0,1,0,0,middle
70_variant_2,study_4,34.49924544628867,0,C634R,3,0,0.0,23.6,1.0,1.0,0,0,1,0,0,1,0,0,middle
71_variant_0,study_4,42.90916336335843,1,C620Y,2,1,19.015271881394664,98.32,1.0,1.0,1,0,0,1,1,1,0,0,middle
71_variant_1,study_4,42.13143649069615,1,C620Y,2,1,17.209284829953642,98.32,1.0,1.0,0,0,0,1,1,1,0,0,middle
71_variant_2,study_4,40.134657860728026,1,C620Y,2,1,19.804087111270263,98.32,1.0,1.0,1,0,0,1,1,1,0,0,middle
72_variant_0,study_4,18.0,Female,C620Y,2,0,6.795788136052789,41.53,1.0,1.0,0,0,1,0,0,1,0,0,young
72_variant_1,study_4,19.43285079899583,0,C620Y,2,0,0.0,41.53,1.0,1.0,1,0,1,0,0,1,0,0,young
73_variant_0,study_4,38.768089202941624,0,C630R,2,1,16.91345491972757,307.3,1.0,1.0,1,1,1,1,1,1,0,0,middle
73_variant_1,study_4,37.5256955297894,0,C630R,2,1,16.032966239568434,307.3,1.0,1.0,1,1,1,1,1,1,0,0,middle
74_variant_0,study_4,18.0,Female,C630R,2,0,0.0,115.0,1.0,1.0,0,0,1,0,0,1,0,0,young
74_variant_1,study_4,18.0,0,C630R,2,0,0.0,115.0,1.0,1.0,0,0,1,0,0,1,0,0,young
74_variant_2,study_4,18.0,0,C630R,2,0,2.775726443555606,115.0,1.0,1.0,1,0,1,0,0,1,0,0,young
75_variant_0,study_5,38.27308652128668,0,K666N,1,1,17.41004907322681,1.4,0.0,0.0,1,1,0,1,1,0,1,1,middle
75_variant_1,study_5,38.943481049201225,Female,K666N,1,1,18.012602128062596,1.4,0.0,0.0,1,0,0,1,1,0,1,1,middle
75_variant_2,study_5,38.1190988266367,0,K666N,1,1,25.862242789984645,1.4,0.0,0.0,0,0,0,1,1,0,1,1,middle
76_variant_0,study_5,44.95716815047069,0,K666N,1,0,2.2276772593088907,1.5,0.0,0.0,0,0,0,0,0,0,0,0,middle
76_variant_1,study_5,42.65252371708068,Female,K666N,1,1,14.929356424138419,1.5,0.0,0.0,0,0,0,0,0,0,0,0,middle
77_variant_0,study_5,48.45009555314071,1,K666N,1,1,22.893309798549662,66.5,1.0,1.0,0,0,0,0,0,0,0,0,middle
77_variant_1,study_5,44.63876707439067,1,K666N,1,1,22.964708168967327,66.5,1.0,1.0,1,0,0,0,0,0,0,0,middle
78_variant_0,study_5,20.068963152132042,0,K666N,1,0,0.7784241099726463,307.3,1.0,1.0,0,0,0,0,0,0,0,0,young
78_variant_1,study_5,18.0,0,K666N,1,1,13.229887334797592,307.3,1.0,1.0,1,0,0,0,0,0,0,0,young
79_variant_0,study_6,58.88133453843003,0,K666N,1,1,1678.407503486863,101.3,1.0,0.0,0,0,0,0,0,0,0,0,elderly
79_variant_1,study_6,61.81485141792799,Female,K666N,1,1,1672.4197763589132,101.3,1.0,0.0,0,0,0,0,0,0,0,0,elderly
80_variant_0,study_6,58.43267575176229,0,K666N,1,1,13.709391701349583,66.5,1.0,1.0,0,0,1,0,0,0,0,0,elderly
80_variant_1,study_6,54.75994731745929,0,K666N,1,0,0.0,66.5,1.0,1.0,0,0,1,0,0,0,0,0,elderly
81_variant_0,study_6,30.04824547532943,1,K666N,1,1,21.217729546432768,115.0,1.0,1.0,0,0,1,0,0,0,0,0,middle
81_variant_1,study_6,27.95160928572343,Female,K666N,1,1,18.927517304292895,115.0,1.0,1.0,0,0,1,0,0,0,0,0,middle
81_variant_2,study_6,34.14019877061634,1,K666N,1,1,16.235086065618724,115.0,1.0,1.0,0,0,1,0,0,0,0,0,middle
82_variant_0,study_6,29.927168160324175,0,K666N,1,0,0.0,101.3,1.0,1.0,1,0,1,0,0,0,0,0,young
82_variant_1,study_6,29.20104801443189,0,K666N,1,0,0.0,101.3,1.0,1.0,0,0,1,0,0,0,0,0,young
82_variant_2,study_6,29.973407932030867,0,K666N,1,0,0.0,101.3,1.0,1.0,0,0,1,0,0,0,0,0,young
83_variant_0,study_6,37.19896509667732,0,K666N,1,0,0.0,98.32,1.0,1.0,1,0,0,0,0,0,0,0,middle
83_variant_1,study_6,45.95296719542975,0,K666N,1,0,0.0,98.32,1.0,1.0,0,0,0,0,0,0,0,0,middle
83_variant_2,study_6,39.631833935313104,0,K666N,1,0,1.912048730920253,98.32,1.0,1.0,1,0,0,0,0,0,0,0,middle
84_variant_0,study_6,26.854421785842042,0,K666N,1,0,0.0,98.32,1.0,1.0,1,0,0,0,0,0,0,0,young
84_variant_1,study_6,26.40569048011457,0,K666N,1,0,2.5409488874606505,98.32,1.0,1.0,1,0,0,0,0,0,0,0,young
85_variant_0,study_6,86.26151274396956,0,K666N,1,0,0.0,101.3,1.0,1.0,1,0,1,0,0,0,0,0,very_elderly
85_variant_1,study_6,79.88436779101066,0,K666N,1,0,0.0,101.3,1.0,1.0,0,0,1,0,0,0,0,0,very_elderly
85_variant_2,study_6,79.47966976424999,0,K666N,1,0,0.8234891371857028,101.3,1.0,1.0,1,0,1,0,0,0,0,0,very_elderly
86_variant_0,study_7,64.79293245501131,0,S891A,1,0,0.0,29.7,1.0,0.0,0,0,0,0,0,0,0,0,elderly
86_variant_1,study_7,62.10314720036855,Female,S891A,1,0,0.0,29.7,1.0,0.0,0,0,0,0,0,0,0,0,elderly
87_variant_0,study_7,55.47727360585643,1,S891A,1,1,589.5586096272498,41.53,1.0,0.0,0,0,0,0,0,0,0,0,elderly
87_variant_1,study_7,47.557573513719746,1,S891A,1,1,585.2488837892824,41.53,1.0,0.0,0,0,0,0,0,0,0,0,elderly
87_variant_2,study_7,61.97162441136164,1,S891A,1,1,583.9409192893365,41.53,1.0,0.0,1,0,0,0,0,0,0,0,elderly
88_variant_0,study_7,43.865121349388914,0,S891A,1,0,2.733896770826198,22.8,1.0,0.0,1,0,0,0,0,0,0,0,middle
88_variant_1,study_7,45.953415507605655,0,S891A,1,0,0.0,22.8,1.0,0.0,0,0,0,0,0,0,0,0,middle
89_variant_0,study_7,43.49864575904944,0,S891A,1,0,0.7335684321666142,115.0,1.0,1.0,0,0,0,0,0,0,0,0,middle
89_variant_1,study_7,45.1060199266187,0,S891A,1,0,0.0,115.0,1.0,1.0,0,0,0,0,0,0,0,0,middle
90_variant_0,study_7,65.95760408127843,0,R525W,1,0,0.0,66.5,1.0,1.0,0,0,0,0,0,0,0,0,elderly
90_variant_1,study_7,62.82718429100432,Female,R525W,1,0,0.0,66.5,1.0,1.0,0,0,0,0,0,0,0,0,elderly
91_variant_0,study_7,25.626945832319397,0,R525W,1,0,0.0,34.4,1.0,1.0,1,0,0,0,0,0,0,0,young
91_variant_1,study_7,20.660699156348414,0,R525W,1,0,1.1704499644915378,34.4,1.0,1.0,0,0,0,0,0,0,0,0,young
91_variant_2,study_7,22.398909022440627,0,R525W,1,0,0.0,34.4,1.0,1.0,0,0,0,0,0,0,0,0,young
92_variant_0,study_7,18.240355734435973,0,R525W,1,1,9.554022942293926,115.0,1.0,1.0,0,0,0,0,0,0,0,0,young
92_variant_1,study_7,18.112784083791713,0,R525W,1,0,0.0,115.0,1.0,1.0,0,0,0,0,0,0,0,0,young
93_variant_0,study_7,18.0,0,S891A,1,0,5.400345001610823,307.3,1.0,1.0,1,0,0,0,0,0,0,0,young
93_variant_1,study_7,18.0,0,S891A,1,0,0.0,307.3,1.0,1.0,0,0,0,0,0,0,0,0,young
93_variant_2,study_7,18.0,Female,S891A,1,0,3.5417822364967666,307.3,1.0,1.0,0,0,0,0,0,0,0,0,young
94_variant_0,study_7,18.0,0,S891A,1,0,1.2165383206418288,23.6,1.0,1.0,0,0,0,0,0,0,0,0,young
94_variant_1,study_7,18.0,0,S891A,1,1,7.74604738263152,23.6,1.0,1.0,0,0,0,0,0,0,0,0,young
94_variant_2,study_7,18.0,0,S891A,1,0,4.300481920715348,23.6,1.0,1.0,0,0,0,0,0,0,0,0,young
95_variant_0,study_7,18.0,0,S891A,1,0,0.0,41.53,1.0,1.0,0,0,0,0,0,0,0,0,young
95_variant_1,study_7,18.0,0,S891A,1,0,0.0,41.53,1.0,1.0,0,0,0,0,0,0,0,0,young
95_variant_2,study_7,18.0,0,S891A,1,0,3.037571635747522,41.53,1.0,1.0,1,1,0,0,0,0,0,0,young
96_variant_0,study_7,18.0,0,S891A,1,1,7.505194200022301,34.4,1.0,1.0,0,0,0,0,0,0,0,0,young
96_variant_1,study_7,18.0,0,S891A,1,0,0.0,34.4,1.0,1.0,0,0,0,0,0,0,0,0,young
96_variant_2,study_7,18.0,0,S891A,1,1,9.82663754226856,34.4,1.0,1.0,1,0,0,0,0,0,0,0,young
97_variant_0,study_7,18.0,0,R525W,1,0,0.0,98.32,1.0,1.0,1,0,0,0,0,0,0,0,young
97_variant_1,study_7,18.0,Female,R525W,1,0,2.3943608196591786,98.32,1.0,1.0,0,0,0,0,0,0,0,0,young
97_variant_2,study_7,18.0,0,R525W,1,0,0.0,98.32,1.0,1.0,1,0,0,0,0,0,0,0,young
98_variant_0,study_7,18.0,0,R525W,1,0,0.0,101.3,1.0,1.0,0,0,0,0,0,0,0,0,young
98_variant_1,study_7,18.0,0,R525W,1,0,0.0,101.3,1.0,1.0,1,0,0,0,0,0,0,0,young
98_variant_2,study_7,18.0,0,R525W,1,0,0.0,101.3,1.0,1.0,1,0,0,0,0,0,0,0,young
99_variant_0,study_7,18.0,0,R525W,1,0,0.0,101.3,1.0,1.0,0,0,0,0,0,0,0,0,young
99_variant_1,study_7,18.0,0,R525W,1,0,1.789628643458843,101.3,1.0,1.0,0,0,0,0,0,0,0,0,young
100_variant_0,study_7,18.0,0,R525W,1,0,6.539933185700525,311.0,1.0,1.0,0,0,0,0,0,0,0,0,young
100_variant_1,study_7,18.0,0,R525W,1,0,5.861196233791968,311.0,1.0,1.0,0,0,0,0,0,0,0,0,young
100_variant_2,study_7,18.0,0,R525W,1,0,0.0,311.0,1.0,1.0,0,0,0,0,0,0,0,0,young
101_variant_0,study_8,38.03895807541704,1,V804M,1,0,6.120829732009582,3.7,0.0,0.0,1,1,1,1,1,1,0,0,middle
101_variant_1,study_8,40.856059643543716,1,V804M,1,1,9.646622187697503,3.7,0.0,0.0,1,0,1,1,1,1,0,0,middle
102_variant_0,study_9,26.517973329878604,1,C634R,3,1,722.0129432827025,66.4,1.0,0.0,1,0,0,1,1,0,0,0,young
102_variant_1,study_9,23.763060643795413,1,C634R,3,1,724.9401951172788,66.4,1.0,0.0,0,0,0,1,1,0,0,0,young
102_variant_2,study_9,28.393758371193215,1,C634R,3,1,730.6262625241279,66.4,1.0,0.0,1,0,0,1,1,0,0,0,young
103_variant_0,study_9,22.914579415813584,1,M918T,3,1,40881.00868551265,1186.0,1.0,0.0,1,0,0,1,1,0,0,0,young
103_variant_1,study_9,27.082118100177542,1,M918T,3,1,40875.41829968744,1186.0,1.0,0.0,1,0,0,1,1,0,0,0,young
103_variant_2,study_9,29.198579678440378,1,M918T,3,1,40864.73095883103,1186.0,1.0,0.0,1,1,0,1,1,0,0,0,young
104_variant_0,study_9,35.170965409114324,0,A883F,3,1,1741.2979066405549,311.0,1.0,0.0,1,0,0,1,1,0,0,0,middle
104_variant_1,study_9,28.088907523902183,0,A883F,3,1,1748.2898073661281,311.0,1.0,0.0,1,0,0,1,1,0,0,0,middle
104_variant_2,study_9,34.8267678381455,0,A883F,3,1,1758.0224854418082,311.0,1.0,0.0,1,0,0,1,1,0,0,0,middle
105_variant_0,study_9,28.91595557283728,1,C634W,3,1,73.8041339368926,16.2,1.0,0.0,1,0,0,1,1,0,0,0,middle
105_variant_1,study_9,28.13230404853031,Female,C634W,3,1,66.63802014750095,16.2,1.0,0.0,1,0,0,1,1,0,0,0,middle
106_variant_0,study_9,32.739005817811396,0,E632_C634del,3,1,359.12070209539496,307.3,1.0,0.0,1,0,0,1,1,0,0,0,middle
106_variant_1,study_9,33.173940775329065,0,E632_C634del,3,1,350.4767230209629,307.3,1.0,0.0,1,1,0,1,1,0,0,0,middle
106_variant_2,study_9,39.88406572609314,0,E632_C634del,3,1,357.888779467902,307.3,1.0,0.0,1,0,0,1,1,0,0,0,middle
107_variant_0,study_9,37.22287356253789,1,M918T,3,1,442.0182507545751,37.1,1.0,0.0,1,0,0,1,1,0,0,0,middle
107_variant_1,study_9,37.60725208169075,1,M918T,3,1,437.82522567733935,37.1,1.0,0.0,1,0,0,1,1,0,0,0,middle
107_variant_2,study_9,40.748983024107446,1,M918T,3,1,444.73244237948995,37.1,1.0,0.0,1,0,0,1,1,0,0,0,middle
108_variant_0,study_9,37.40330882540493,0,C634S,3,1,126.45902887290336,39.1,1.0,0.0,1,0,0,1,1,0,0,0,middle
108_variant_1,study_9,38.401947426227146,0,C634S,3,1,128.52713573312408,39.1,1.0,0.0,1,1,0,1,1,0,0,0,middle
108_variant_2,study_9,43.015578024342844,0,C634S,3,1,119.90513738731937,39.1,1.0,0.0,1,1,0,1,1,0,0,0,middle
109_variant_0,study_9,46.08889658734239,1,M918T,3,1,595.5381037772553,48.0,1.0,0.0,1,0,0,1,1,0,0,0,middle
109_variant_1,study_9,46.51657779887395,1,M918T,3,1,599.9351515278018,48.0,1.0,0.0,1,1,0,1,1,0,0,0,middle
109_variant_2,study_9,40.88511503274937,1,M918T,3,1,595.4831415983808,48.0,1.0,0.0,0,0,0,1,1,0,0,0,middle
110_variant_0,study_9,48.207412646959064,0,C634S,3,1,249.00839546988018,66.5,1.0,0.0,0,0,0,1,1,0,0,0,middle
110_variant_1,study_9,45.01410069104434,0,C634S,3,1,248.46160108767168,66.5,1.0,0.0,1,0,0,1,1,0,0,0,middle
110_variant_2,study_9,45.46543382702316,0,C634S,3,1,254.83906959738198,66.5,1.0,0.0,0,0,0,1,1,0,0,0,middle
111_variant_0,study_9,52.269269585126125,1,D898_E901del,2,1,245.6930003752244,6.7,1.0,0.0,1,1,0,1,1,0,0,0,middle
111_variant_1,study_9,45.1111747393144,1,D898_E901del,2,1,239.79974558702853,6.7,1.0,0.0,1,1,0,1,1,0,0,0,middle
112_variant_0,study_9,54.19069715815805,0,C620W,2,1,11.23064482968006,98.32,1.0,1.0,1,0,0,1,1,0,0,0,elderly
112_variant_1,study_9,52.35328588974893,0,C620W,2,0,0.0,98.32,1.0,1.0,1,0,0,1,1,0,0,0,elderly
113_variant_0,study_9,46.101782855379284,Female,V899_E902del,2,1,322.4547128629537,34.4,1.0,0.0,1,1,0,1,1,0,0,0,elderly
113_variant_1,study_9,57.936154068748806,1,V899_E902del,2,1,301.8796506305353,34.4,1.0,0.0,1,0,0,1,1,0,0,0,elderly
113_variant_2,study_9,55.38426302499586,1,V899_E902del,2,1,315.26707779390154,34.4,1.0,0.0,1,1,0,1,1,0,0,0,elderly
114_variant_0,study_9,56.58792092549903,0,M918T,3,1,10289.900237317295,809.4,1.0,0.0,1,0,0,1,1,0,0,0,elderly
114_variant_1,study_9,54.799555162630654,0,M918T,3,1,10285.86337658716,809.4,1.0,0.0,1,0,0,1,1,0,0,0,elderly
115_variant_0,study_9,59.33968245346043,1,M918T,3,0,6.960011431722997,66.4,1.0,1.0,1,0,0,1,1,0,0,0,elderly
115_variant_1,study_9,56.99002930433486,1,M918T,3,0,0.0,66.4,1.0,1.0,1,0,0,1,1,0,0,0,elderly
116_variant_0,study_9,59.779033450587534,0,C630R,2,1,7840.567703540818,29.0,1.0,0.0,0,0,0,1,1,0,0,0,elderly
116_variant_1,study_9,58.9321357535327,0,C630R,2,1,7837.248290387095,29.0,1.0,0.0,1,0,0,1,1,0,0,0,elderly
116_variant_2,study_9,62.14249339051163,0,C630R,2,1,7849.252273839082,29.0,1.0,0.0,0,0,0,1,1,0,0,0,elderly
117_variant_0,study_9,59.79218418460092,1,C634S,3,1,108.6478837159347,21.8,1.0,0.0,0,0,0,1,1,0,0,0,elderly
117_variant_1,study_9,60.26841029382614,1,C634S,3,1,96.43547401102047,21.8,1.0,0.0,1,0,0,1,1,0,0,0,elderly
118_variant_0,study_9,69.68651488623843,0,M918T,3,0,2.8489690595188484,98.32,1.0,1.0,1,0,0,1,1,0,0,0,elderly
118_variant_1,study_9,65.25856061284826,0,M918T,3,0,0.0,98.32,1.0,1.0,1,0,0,1,1,0,0,0,elderly
118_variant_2,study_9,64.95752892900356,0,M918T,3,0,0.0,98.32,1.0,1.0,1,0,0,1,1,0,0,0,elderly
119_variant_0,study_9,73.57848081015057,1,C634Y,3,1,58.2734453061903,7.4,1.0,0.0,0,0,0,1,1,0,0,0,elderly
119_variant_1,study_9,70.44362544313937,1,C634Y,3,1,62.838479873367625,7.4,1.0,0.0,1,0,0,1,1,0,0,0,elderly
120_variant_0,study_9,72.96988175808971,0,E632_L633del,3,1,201.02034009442443,23.6,1.0,0.0,0,0,0,1,1,0,0,0,very_elderly
120_variant_1,study_9,69.554094057891,0,E632_L633del,3,1,199.34051571478966,23.6,1.0,0.0,1,0,0,1,1,0,0,0,very_elderly
121_variant_0,study_9,72.45216736480198,Female,M918T,3,1,26693.88029866619,311.0,1.0,1.0,1,1,0,1,1,0,0,0,very_elderly
121_variant_1,study_9,72.53454509848083,1,M918T,3,1,26703.506865324198,311.0,1.0,1.0,0,0,0,1,1,0,0,0,very_elderly
122_variant_0,study_9,73.71414964371051,0,C630G,2,1,407.6648758963074,101.3,1.0,1.0,1,1,0,1,1,0,0,0,very_elderly
122_variant_1,study_9,72.5012376313912,0,C630G,2,1,397.35178348880345,101.3,1.0,1.0,1,1,0,1,1,0,0,0,very_elderly
122_variant_2,study_9,74.52509486920255,0,C630G,2,1,404.80719931643847,101.3,1.0,1.0,1,0,0,1,1,0,0,0,very_elderly
123_variant_0,study_10,25.25512279665191,1,C634Y,3,0,0.4063842138351395,101.3,1.0,1.0,0,0,1,1,1,1,1,0,young
123_variant_1,study_10,31.9420284239317,1,C634Y,3,0,0.0,101.3,1.0,1.0,0,0,1,1,1,1,1,0,young
124_variant_0,study_10,31.740105326984327,0,C634Y,3,0,3.946578059273,34.4,1.0,1.0,1,1,1,1,1,1,1,1,middle
124_variant_1,study_10,35.275536526824105,0,C634Y,3,0,1.6782899482444886,34.4,1.0,1.0,1,1,1,1,1,1,1,1,middle
125_variant_0,study_11,18.0,Female,M918T,3,1,1180.3438352322112,98.32,1.0,0.0,0,0,0,1,1,1,0,0,young
125_variant_1,study_11,18.0,0,M918T,3,1,1189.5399566345627,98.32,1.0,0.0,1,0,0,1,1,1,0,0,young
126_variant_0,study_12,28.34703289025681,0,Y791F,1,0,2.347461885309215,101.3,1.0,1.0,0,0,0,0,0,1,1,0,young
126_variant_1,study_12,27.078367294619177,0,Y791F,1,0,0.0,101.3,1.0,1.0,0,0,0,0,0,1,1,0,young
127_variant_0,study_13,59.75722944896331,0,S891A,1,1,35.548627279056745,66.5,1.0,1.0,0,0,1,0,0,1,1,1,elderly
127_variant_1,study_13,54.995728639070855,Female,S891A,1,1,41.960211747682614,66.5,1.0,1.0,0,0,1,0,0,1,1,1,elderly
128_variant_0,study_13,25.69766946151206,1,S891A,1,0,0.0,307.3,1.0,1.0,0,0,1,0,0,1,0,0,young
128_variant_1,study_13,27.369690818743987,1,S891A,1,0,3.547309087149277,307.3,1.0,1.0,0,0,1,0,0,1,0,0,young
128_variant_2,study_13,23.929742068948062,1,S891A,1,0,1.5086125634144918,307.3,1.0,1.0,0,0,1,0,0,1,0,0,young
129_variant_0,study_14,18.0,0,M918T,3,1,69.36978393455466,22.8,1.0,1.0,0,0,1,0,1,1,0,0,young
129_variant_1,study_14,18.0,0,M918T,3,1,69.31994209222896,22.8,1.0,1.0,0,0,1,0,1,1,0,0,young
129_variant_2,study_14,18.0,0,M918T,3,1,70.51634657066751,22.8,1.0,1.0,0,0,1,0,1,1,0,0,young
130_variant_0,study_14,18.0,1,M918T,3,1,493.84649793402264,48.0,1.0,1.0,1,0,1,1,1,1,0,0,young
130_variant_1,study_14,18.0,1,M918T,3,1,491.9920815929286,48.0,1.0,1.0,0,0,1,1,1,1,0,0,young
131_variant_0,study_14,18.0,0,M918T,3,1,117.69534421850408,98.32,1.0,1.0,1,1,0,1,1,1,0,0,young
131_variant_1,study_14,18.0,0,M918T,3,1,120.60208111187744,98.32,1.0,1.0,0,0,0,1,1,1,0,0,young
132_variant_0,study_14,18.0,1,M918T,3,1,1206.4916404498797,66.5,1.0,1.0,1,0,0,1,1,1,0,0,young
132_variant_1,study_14,18.0,1,M918T,3,1,1213.3678257159336,66.5,1.0,1.0,1,1,0,1,1,1,0,0,young
133_variant_0,study_14,18.0,1,M918T,3,1,167.91674985369386,101.3,1.0,1.0,0,0,0,1,1,1,0,0,young
133_variant_1,study_14,18.0,1,M918T,3,1,168.62843147482627,101.3,1.0,1.0,1,1,0,1,1,1,0,0,young
134_variant_0,study_14,18.0,0,M918T,3,1,54.39699619587002,101.3,1.0,1.0,0,0,0,0,1,1,0,0,young
134_variant_1,study_14,18.0,0,M918T,3,1,56.8809166066516,101.3,1.0,1.0,1,1,0,0,1,1,0,0,young
134_variant_2,study_14,18.0,0,M918T,3,1,47.68879268935209,101.3,1.0,1.0,0,0,0,0,1,1,0,0,young
135_variant_0,study_14,18.0,0,M918T,3,1,1345.333660204634,101.3,1.0,1.0,1,0,0,1,1,1,0,0,young
135_variant_1,study_14,18.0,0,M918T,3,1,1347.7752711993767,101.3,1.0,1.0,1,0,0,1,1,1,0,0,young
135_variant_2,study_14,18.0,0,M918T,3,1,1355.1995234369804,101.3,1.0,1.0,1,1,0,1,1,1,0,0,young
136_variant_0,study_14,18.0,0,M918T,3,1,281.26358949609914,101.3,1.0,1.0,0,0,0,1,1,1,0,0,young
136_variant_1,study_14,18.0,0,M918T,3,1,280.0134590561399,101.3,1.0,1.0,1,0,0,1,1,1,0,0,young
136_variant_2,study_14,18.0,0,M918T,3,1,279.847424600515,101.3,1.0,1.0,0,0,0,1,1,1,0,0,young
137_variant_0,study_14,18.0,Female,M918T,3,1,225.95021418826644,98.32,1.0,1.0,1,1,0,1,1,1,0,0,young
137_variant_1,study_14,18.0,1,M918T,3,1,220.64192980744673,98.32,1.0,1.0,0,0,0,1,1,1,0,0,young
mtc_s0,,22.0,0,C634Y,3,1,47.135709206947446,,,,1,1,0,1,1,0,0,0,young
mtc_s1,,33.0,1,K666N,1,1,40.853520563674024,,,,1,1,1,1,1,0,0,0,middle
mtc_s2,,49.0,1,L790F,1,0,1.3273222606118344,,,,1,1,0,1,1,0,0,0,middle
mtc_s3,,55.0,1,M918T,3,1,41.36893894667421,,,,1,1,0,1,1,0,0,0,elderly
mtc_s4,,64.0,0,M918T,3,1,21.58434154360127,,,,1,0,0,1,1,0,0,0,elderly
mtc_s5,,70.0,1,S891A,1,0,0.47487662879254045,,,,0,0,1,1,1,0,0,0,elderly
90,study_7,64.0,0,R525W,1,0,0.2,66.5,1.0,1.0,0,0,0,0,0,0,0,0,elderly
20,study_3,58.0,1,K666N,1,0,0.0,307.3,1.0,1.0,0,0,1,0,0,0,0,0,elderly
86,study_7,65.0,0,S891A,1,0,0.0,29.7,1.0,0.0,0,0,0,0,0,0,0,0,elderly
25,study_3,39.0,0,K666N,1,0,0.2,115.0,1.0,1.0,0,0,1,0,0,0,0,0,middle
28,study_3,35.0,0,K666N,1,0,0.0,66.5,1.0,1.0,0,0,1,0,0,0,0,0,middle
81,study_6,32.0,1,K666N,1,1,16.0,115.0,1.0,1.0,0,0,1,0,0,0,0,0,middle
20,study_3,58.0,1,K666N,1,0,0.0,307.3,1.0,1.0,0,0,1,0,0,0,0,0,elderly
127,study_13,57.0,0,S891A,1,1,37.0,66.5,1.0,1.0,0,0,1,0,0,1,1,1,elderly
79,study_6,59.0,0,K666N,1,1,1675.0,101.3,1.0,0.0,0,0,0,0,0,0,0,0,elderly
81,study_6,32.0,1,K666N,1,1,16.0,115.0,1.0,1.0,0,0,1,0,0,0,0,0,middle
70,study_4,34.0,0,C634R,3,0,0.0,23.6,1.0,1.0,0,0,1,0,0,1,0,0,middle
17,study_3,30.0,0,K666N,1,0,0.0,66.5,1.0,1.0,0,0,1,0,0,0,0,0,young
56,study_4,30.0,0,C634Y,3,0,0.0,311.0,1.0,1.0,0,0,1,0,0,1,0,0,young
81,study_6,32.0,1,K666N,1,1,16.0,115.0,1.0,1.0,0,0,1,0,0,0,0,0,middle
17,study_3,30.0,0,K666N,1,0,0.0,66.5,1.0,1.0,0,0,1,0,0,0,0,0,young
80,study_6,61.0,0,K666N,1,0,0.0,66.5,1.0,1.0,0,0,1,0,0,0,0,0,elderly
90,study_7,64.0,0,R525W,1,0,0.2,66.5,1.0,1.0,0,0,0,0,0,0,0,0,elderly
26,study_3,61.0,1,K666N,1,0,0.2,115.0,1.0,1.0,0,0,1,0,0,0,0,0,elderly
20,study_3,58.0,1,K666N,1,0,0.0,307.3,1.0,1.0,0,0,1,0,0,0,0,0,elderly
87,study_7,58.0,1,S891A,1,1,589.6,41.53,1.0,0.0,0,0,0,0,0,0,0,0,elderly
13,study_3,57.0,0,K666N,1,1,26.0,16.2,1.0,1.0,0,0,1,0,0,0,0,0,elderly
90,study_7,64.0,0,R525W,1,0,0.2,66.5,1.0,1.0,0,0,0,0,0,0,0,0,elderly
20,study_3,58.0,1,K666N,1,0,0.0,307.3,1.0,1.0,0,0,1,0,0,0,0,0,elderly
86,study_7,65.0,0,S891A,1,0,0.0,29.7,1.0,0.0,0,0,0,0,0,0,0,0,elderly
80,study_6,61.0,0,K666N,1,0,0.0,66.5,1.0,1.0,0,0,1,0,0,0,0,0,elderly
90,study_7,64.0,0,R525W,1,0,0.2,66.5,1.0,1.0,0,0,0,0,0,0,0,0,elderly
26,study_3,61.0,1,K666N,1,0,0.2,115.0,1.0,1.0,0,0,1,0,0,0,0,0,elderly
79,study_6,59.0,0,K666N,1,1,1675.0,101.3,1.0,0.0,0,0,0,0,0,0,0,0,elderly
90,study_7,64.0,0,R525W,1,0,0.2,66.5,1.0,1.0,0,0,0,0,0,0,0,0,elderly
80,study_6,61.0,0,K666N,1,0,0.0,66.5,1.0,1.0,0,0,1,0,0,0,0,0,elderly
86,study_7,65.0,0,S891A,1,0,0.0,29.7,1.0,0.0,0,0,0,0,0,0,0,0,elderly
14_control,,58.881198819530795,0,K666N,1,0,6.940214436792388,,,,0,0,0,0,0,0,0,0,elderly
14_control,,58.881198819530795,0,K666N,1,0,6.940214436792388,,,,0,0,0,0,0,0,0,0,elderly
1,study_1,21.0,0,K666N,1,0,0.2,41.53,1.0,1.0,0,0,1,0,0,0,0,0,young
58,study_4,20.0,0,C634R,3,0,0.0,809.4,1.0,1.0,0,0,1,0,0,1,0,0,young
44,study_4,11.0,0,C634Y,3,0,0.0,66.4,1.0,1.0,0,0,1,0,0,1,0,0,young
81,study_6,32.0,1,K666N,1,1,16.0,115.0,1.0,1.0,0,0,1,0,0,0,0,0,middle
18,study_3,30.0,0,K666N,1,0,0.0,34.4,1.0,1.0,0,0,1,0,0,0,0,0,young
45,study_4,38.0,1,C634Y,3,0,0.0,101.3,1.0,1.0,0,0,1,0,0,1,0,0,middle
25,study_3,39.0,0,K666N,1,0,0.2,115.0,1.0,1.0,0,0,1,0,0,0,0,0,middle
83,study_6,43.0,0,K666N,1,0,0.0,98.32,1.0,1.0,0,0,0,0,0,0,0,0,middle
23,study_3,47.0,0,K666N,1,0,0.0,115.0,1.0,1.0,0,0,1,0,0,0,0,0,middle
81,study_6,32.0,1,K666N,1,1,16.0,115.0,1.0,1.0,0,0,1,0,0,0,0,0,middle
70,study_4,34.0,0,C634R,3,0,0.0,23.6,1.0,1.0,0,0,1,0,0,1,0,0,middle
17,study_3,30.0,0,K666N,1,0,0.0,66.5,1.0,1.0,0,0,1,0,0,0,0,0,young
23,study_3,47.0,0,K666N,1,0,0.0,115.0,1.0,1.0,0,0,1,0,0,0,0,0,middle
76,study_5,42.0,0,K666N,1,0,5.2,1.5,0.0,0.0,0,0,0,0,0,0,0,0,middle
89,study_7,44.0,0,S891A,1,0,0.0,115.0,1.0,1.0,0,0,0,0,0,0,0,0,middle
77,study_5,46.0,1,K666N,1,1,19.8,66.5,1.0,1.0,0,0,0,0,0,0,0,0,middle
89,study_7,44.0,0,S891A,1,0,0.0,115.0,1.0,1.0,0,0,0,0,0,0,0,0,middle
23,study_3,47.0,0,K666N,1,0,0.0,115.0,1.0,1.0,0,0,1,0,0,0,0,0,middle
25,study_3,39.0,0,K666N,1,0,0.2,115.0,1.0,1.0,0,0,1,0,0,0,0,0,middle
45,study_4,38.0,1,C634Y,3,0,0.0,101.3,1.0,1.0,0,0,1,0,0,1,0,0,middle
88,study_7,45.0,0,S891A,1,0,0.0,22.8,1.0,0.0,0,0,0,0,0,0,0,0,middle
13,study_3,57.0,0,K666N,1,1,26.0,16.2,1.0,1.0,0,0,1,0,0,0,0,0,elderly
23,study_3,47.0,0,K666N,1,0,0.0,115.0,1.0,1.0,0,0,1,0,0,0,0,0,middle
127,study_13,57.0,0,S891A,1,1,37.0,66.5,1.0,1.0,0,0,1,0,0,1,1,1,elderly
20,study_3,58.0,1,K666N,1,0,0.0,307.3,1.0,1.0,0,0,1,0,0,0,0,0,elderly
127,study_13,57.0,0,S891A,1,1,37.0,66.5,1.0,1.0,0,0,1,0,0,1,1,1,elderly
79,study_6,59.0,0,K666N,1,1,1675.0,101.3,1.0,0.0,0,0,0,0,0,0,0,0,elderly
25,study_3,39.0,0,K666N,1,0,0.2,115.0,1.0,1.0,0,0,1,0,0,0,0,0,middle
28,study_3,35.0,0,K666N,1,0,0.0,66.5,1.0,1.0,0,0,1,0,0,0,0,0,middle
88,study_7,45.0,0,S891A,1,0,0.0,22.8,1.0,0.0,0,0,0,0,0,0,0,0,middle
77,study_5,46.0,1,K666N,1,1,19.8,66.5,1.0,1.0,0,0,0,0,0,0,0,0,middle
89,study_7,44.0,0,S891A,1,0,0.0,115.0,1.0,1.0,0,0,0,0,0,0,0,0,middle
23,study_3,47.0,0,K666N,1,0,0.0,115.0,1.0,1.0,0,0,1,0,0,0,0,0,middle
0,study_1,24.0,0,K666N,1,0,0.2,115.0,1.0,1.0,0,0,0,0,0,0,0,0,young
17,study_3,30.0,0,K666N,1,0,0.0,66.5,1.0,1.0,0,0,1,0,0,0,0,0,young
42,study_4,24.0,0,C634Y,3,0,3.4,34.4,1.0,1.0,0,0,1,0,0,1,0,0,young
56,study_4,30.0,0,C634Y,3,0,0.0,311.0,1.0,1.0,0,0,1,0,0,1,0,0,young
81,study_6,32.0,1,K666N,1,1,16.0,115.0,1.0,1.0,0,0,1,0,0,0,0,0,middle
17,study_3,30.0,0,K666N,1,0,0.0,66.5,1.0,1.0,0,0,1,0,0,0,0,0,young
25,study_3,39.0,0,K666N,1,0,0.2,115.0,1.0,1.0,0,0,1,0,0,0,0,0,middle
28,study_3,35.0,0,K666N,1,0,0.0,66.5,1.0,1.0,0,0,1,0,0,0,0,0,middle
81,study_6,32.0,1,K666N,1,1,16.0,115.0,1.0,1.0,0,0,1,0,0,0,0,0,middle
32,study_4,21.0,1,L790F,1,1,5.0,115.0,1.0,1.0,0,0,0,0,0,1,0,0,young
56,study_4,30.0,0,C634Y,3,0,0.0,311.0,1.0,1.0,0,0,1,0,0,1,0,0,young
0,study_1,24.0,0,K666N,1,0,0.2,115.0,1.0,1.0,0,0,0,0,0,0,0,0,young
23,study_3,47.0,0,K666N,1,0,0.0,115.0,1.0,1.0,0,0,1,0,0,0,0,0,middle
25,study_3,39.0,0,K666N,1,0,0.2,115.0,1.0,1.0,0,0,1,0,0,0,0,0,middle
88,study_7,45.0,0,S891A,1,0,0.0,22.8,1.0,0.0,0,0,0,0,0,0,0,0,middle
25,study_3,39.0,0,K666N,1,0,0.2,115.0,1.0,1.0,0,0,1,0,0,0,0,0,middle
28,study_3,35.0,0,K666N,1,0,0.0,66.5,1.0,1.0,0,0,1,0,0,0,0,0,middle
83,study_6,43.0,0,K666N,1,0,0.0,98.32,1.0,1.0,0,0,0,0,0,0,0,0,middle
25,study_3,39.0,0,K666N,1,0,0.2,115.0,1.0,1.0,0,0,1,0,0,0,0,0,middle
28,study_3,35.0,0,K666N,1,0,0.0,66.5,1.0,1.0,0,0,1,0,0,0,0,0,middle
88,study_7,45.0,0,S891A,1,0,0.0,22.8,1.0,0.0,0,0,0,0,0,0,0,0,middle
25,study_3,39.0,0,K666N,1,0,0.2,115.0,1.0,1.0,0,0,1,0,0,0,0,0,middle
28,study_3,35.0,0,K666N,1,0,0.0,66.5,1.0,1.0,0,0,1,0,0,0,0,0,middle
83,study_6,43.0,0,K666N,1,0,0.0,98.32,1.0,1.0,0,0,0,0,0,0,0,0,middle
32,study_4,21.0,1,L790F,1,1,5.0,115.0,1.0,1.0,0,0,0,0,0,1,0,0,young
56,study_4,30.0,0,C634Y,3,0,0.0,311.0,1.0,1.0,0,0,1,0,0,1,0,0,young
0,study_1,24.0,0,K666N,1,0,0.2,115.0,1.0,1.0,0,0,0,0,0,0,0,0,young
0,study_1,24.0,0,K666N,1,0,0.2,115.0,1.0,1.0,0,0,0,0,0,0,0,0,young
17,study_3,30.0,0,K666N,1,0,0.0,66.5,1.0,1.0,0,0,1,0,0,0,0,0,young
35,study_4,24.0,0,V804M,1,0,0.0,307.3,1.0,1.0,0,0,0,0,0,1,0,0,young
56,study_4,30.0,0,C634Y,3,0,0.0,311.0,1.0,1.0,0,0,1,0,0,1,0,0,young
81,study_6,32.0,1,K666N,1,1,16.0,115.0,1.0,1.0,0,0,1,0,0,0,0,0,middle
17,study_3,30.0,0,K666N,1,0,0.0,66.5,1.0,1.0,0,0,1,0,0,0,0,0,young
37,study_4,29.0,0,S891A,1,0,0.0,115.0,1.0,1.0,0,0,0,0,0,1,0,0,young
17,study_3,30.0,0,K666N,1,0,0.0,66.5,1.0,1.0,0,0,1,0,0,0,0,0,young
81,study_6,32.0,1,K666N,1,1,16.0,115.0,1.0,1.0,0,0,1,0,0,0,0,0,middle
25,study_3,39.0,0,K666N,1,0,0.2,115.0,1.0,1.0,0,0,1,0,0,0,0,0,middle
28,study_3,35.0,0,K666N,1,0,0.0,66.5,1.0,1.0,0,0,1,0,0,0,0,0,middle
81,study_6,32.0,1,K666N,1,1,16.0,115.0,1.0,1.0,0,0,1,0,0,0,0,0,middle
25,study_3,39.0,0,K666N,1,0,0.2,115.0,1.0,1.0,0,0,1,0,0,0,0,0,middle
28,study_3,35.0,0,K666N,1,0,0.0,66.5,1.0,1.0,0,0,1,0,0,0,0,0,middle
83,study_6,43.0,0,K666N,1,0,0.0,98.32,1.0,1.0,0,0,0,0,0,0,0,0,middle
25,study_3,39.0,0,K666N,1,0,0.2,115.0,1.0,1.0,0,0,1,0,0,0,0,0,middle
45,study_4,38.0,1,C634Y,3,0,0.0,101.3,1.0,1.0,0,0,1,0,0,1,0,0,middle
89,study_7,44.0,0,S891A,1,0,0.0,115.0,1.0,1.0,0,0,0,0,0,0,0,0,middle
23,study_3,47.0,0,K666N,1,0,0.0,115.0,1.0,1.0,0,0,1,0,0,0,0,0,middle
25,study_3,39.0,0,K666N,1,0,0.2,115.0,1.0,1.0,0,0,1,0,0,0,0,0,middle
88,study_7,45.0,0,S891A,1,0,0.0,22.8,1.0,0.0,0,0,0,0,0,0,0,0,middle
23,study_3,47.0,0,K666N,1,0,0.0,115.0,1.0,1.0,0,0,1,0,0,0,0,0,middle
76,study_5,42.0,0,K666N,1,0,5.2,1.5,0.0,0.0,0,0,0,0,0,0,0,0,middle
89,study_7,44.0,0,S891A,1,0,0.0,115.0,1.0,1.0,0,0,0,0,0,0,0,0,middle
77,study_5,46.0,1,K666N,1,1,19.8,66.5,1.0,1.0,0,0,0,0,0,0,0,0,middle
89,study_7,44.0,0,S891A,1,0,0.0,115.0,1.0,1.0,0,0,0,0,0,0,0,0,middle
23,study_3,47.0,0,K666N,1,0,0.0,115.0,1.0,1.0,0,0,1,0,0,0,0,0,middle
23,study_3,47.0,0,K666N,1,0,0.0,115.0,1.0,1.0,0,0,1,0,0,0,0,0,middle
77,study_5,46.0,1,K666N,1,1,19.8,66.5,1.0,1.0,0,0,0,0,0,0,0,0,middle
112_control,,39.881198819530795,0,C620W,2,0,6.940214436792388,,,,0,0,0,0,0,0,0,0,elderly
20,study_3,58.0,1,K666N,1,0,0.0,307.3,1.0,1.0,0,0,1,0,0,0,0,0,elderly
127,study_13,57.0,0,S891A,1,1,37.0,66.5,1.0,1.0,0,0,1,0,0,1,1,1,elderly
13,study_3,57.0,0,K666N,1,1,26.0,16.2,1.0,1.0,0,0,1,0,0,0,0,0,elderly
13,study_3,57.0,0,K666N,1,1,26.0,16.2,1.0,1.0,0,0,1,0,0,0,0,0,elderly
20,study_3,58.0,1,K666N,1,0,0.0,307.3,1.0,1.0,0,0,1,0,0,0,0,0,elderly
87,study_7,58.0,1,S891A,1,1,589.6,41.53,1.0,0.0,0,0,0,0,0,0,0,0,elderly
13,study_3,57.0,0,K666N,1,1,26.0,16.2,1.0,1.0,0,0,1,0,0,0,0,0,elderly
20,study_3,58.0,1,K666N,1,0,0.0,307.3,1.0,1.0,0,0,1,0,0,0,0,0,elderly
87,study_7,58.0,1,S891A,1,1,589.6,41.53,1.0,0.0,0,0,0,0,0,0,0,0,elderly
90,study_7,64.0,0,R525W,1,0,0.2,66.5,1.0,1.0,0,0,0,0,0,0,0,0,elderly
20,study_3,58.0,1,K666N,1,0,0.0,307.3,1.0,1.0,0,0,1,0,0,0,0,0,elderly
86,study_7,65.0,0,S891A,1,0,0.0,29.7,1.0,0.0,0,0,0,0,0,0,0,0,elderly
79,study_6,59.0,0,K666N,1,1,1675.0,101.3,1.0,0.0,0,0,0,0,0,0,0,0,elderly
90,study_7,64.0,0,R525W,1,0,0.2,66.5,1.0,1.0,0,0,0,0,0,0,0,0,elderly
80,study_6,61.0,0,K666N,1,0,0.0,66.5,1.0,1.0,0,0,1,0,0,0,0,0,elderly
86,study_7,65.0,0,S891A,1,0,0.0,29.7,1.0,0.0,0,0,0,0,0,0,0,0,elderly
90,study_7,64.0,0,R525W,1,0,0.2,66.5,1.0,1.0,0,0,0,0,0,0,0,0,elderly
118_control,,55.48119881953079,0,M918T,3,0,6.940214436792388,,,,0,0,0,0,0,0,0,0,elderly
86,study_7,65.0,0,S891A,1,0,0.0,29.7,1.0,0.0,0,0,0,0,0,0,0,0,elderly
119_control,,58.0811988195308,1,C634Y,3,0,6.940214436792388,,,,0,0,0,0,0,0,0,0,elderly
119_control,,58.0811988195308,1,C634Y,3,0,6.940214436792388,,,,0,0,0,0,0,0,0,0,elderly
120_control,,60.681198819530806,0,E632_L633del,3,0,6.940214436792388,,,,0,0,0,0,0,0,0,0,very_elderly
120_control,,60.681198819530806,0,E632_L633del,3,0,6.940214436792388,,,,0,0,0,0,0,0,0,0,very_elderly
120_control,,60.681198819530806,0,E632_L633del,3,0,6.940214436792388,,,,0,0,0,0,0,0,0,0,very_elderly
121_control,,63.2811988195308,1,M918T,3,0,6.940214436792388,,,,0,0,0,0,0,0,0,0,very_elderly
121_control,,63.2811988195308,1,M918T,3,0,6.940214436792388,,,,0,0,0,0,0,0,0,0,very_elderly
121_control,,63.2811988195308,1,M918T,3,0,6.940214436792388,,,,0,0,0,0,0,0,0,0,very_elderly
19,study_3,80.0,0,K666N,1,0,7.0,98.32,1.0,1.0,0,0,1,0,0,0,0,0,very_elderly
85,study_6,82.0,0,K666N,1,0,0.0,101.3,1.0,1.0,0,0,1,0,0,0,0,0,very_elderly
122_control,,65.8811988195308,0,C630G,2,0,6.940214436792388,,,,0,0,0,0,0,0,0,0,very_elderly
0,study_1,24.0,0,K666N,1,0,0.2,115.0,1.0,1.0,0,0,0,0,0,0,0,0,young
17,study_3,30.0,0,K666N,1,0,0.0,66.5,1.0,1.0,0,0,1,0,0,0,0,0,young
35,study_4,24.0,0,V804M,1,0,0.0,307.3,1.0,1.0,0,0,0,0,0,1,0,0,young
81,study_6,32.0,1,K666N,1,1,16.0,115.0,1.0,1.0,0,0,1,0,0,0,0,0,middle
70,study_4,34.0,0,C634R,3,0,0.0,23.6,1.0,1.0,0,0,1,0,0,1,0,0,middle
17,study_3,30.0,0,K666N,1,0,0.0,66.5,1.0,1.0,0,0,1,0,0,0,0,0,young
31,study_4,13.0,1,L790F,1,1,11.0,98.32,1.0,1.0,0,0,0,0,0,1,0,0,young
33,study_4,10.0,1,Y791F,1,1,8.0,98.32,1.0,1.0,0,0,0,0,1,1,0,0,young
52,study_4,15.0,1,C634Y,3,0,0.0,27.2,1.0,1.0,0,0,1,0,0,1,0,0,young
22,study_3,5.0,0,K666N,1,0,0.0,115.0,1.0,1.0,0,0,1,0,0,0,0,0,young
97,study_7,3.0,0,R525W,1,0,0.0,98.32,1.0,1.0,0,0,0,0,0,0,0,0,young
129,study_14,0.5,0,M918T,3,1,69.05,22.8,1.0,1.0,0,0,1,0,1,1,0,0,young
22,study_3,5.0,0,K666N,1,0,0.0,115.0,1.0,1.0,0,0,1,0,0,0,0,0,young
97,study_7,3.0,0,R525W,1,0,0.0,98.32,1.0,1.0,0,0,0,0,0,0,0,0,young
129,study_14,0.5,0,M918T,3,1,69.05,22.8,1.0,1.0,0,0,1,0,1,1,0,0,young
22,study_3,5.0,0,K666N,1,0,0.0,115.0,1.0,1.0,0,0,1,0,0,0,0,0,young
97,study_7,3.0,0,R525W,1,0,0.0,98.32,1.0,1.0,0,0,0,0,0,0,0,0,young
129,study_14,0.5,0,M918T,3,1,69.05,22.8,1.0,1.0,0,0,1,0,1,1,0,0,young
129,study_14,0.5,0,M918T,3,1,69.05,22.8,1.0,1.0,0,0,1,0,1,1,0,0,young
95,study_7,6.0,0,S891A,1,0,0.0,41.53,1.0,1.0,0,0,0,0,0,0,0,0,young
99,study_7,1.0,0,R525W,1,0,0.0,101.3,1.0,1.0,0,0,0,0,0,0,0,0,young
129,study_14,0.5,0,M918T,3,1,69.05,22.8,1.0,1.0,0,0,1,0,1,1,0,0,young
95,study_7,6.0,0,S891A,1,0,0.0,41.53,1.0,1.0,0,0,0,0,0,0,0,0,young
99,study_7,1.0,0,R525W,1,0,0.0,101.3,1.0,1.0,0,0,0,0,0,0,0,0,young
129,study_14,0.5,0,M918T,3,1,69.05,22.8,1.0,1.0,0,0,1,0,1,1,0,0,young
94,study_7,8.0,0,S891A,1,0,0.0,23.6,1.0,1.0,0,0,0,0,0,0,0,0,young
98,study_7,3.0,0,R525W,1,0,0.0,101.3,1.0,1.0,0,0,0,0,0,0,0,0,young
129,study_14,0.5,0,M918T,3,1,69.05,22.8,1.0,1.0,0,0,1,0,1,1,0,0,young
94,study_7,8.0,0,S891A,1,0,0.0,23.6,1.0,1.0,0,0,0,0,0,0,0,0,young
98,study_7,3.0,0,R525W,1,0,0.0,101.3,1.0,1.0,0,0,0,0,0,0,0,0,young
89_control,,32.881198819530795,0,S891A,1,0,6.940214436792388,,,,0,0,0,0,0,0,0,0,middle
89_control,,32.881198819530795,0,S891A,1,0,6.940214436792388,,,,0,0,0,0,0,0,0,0,middle
89_control,,32.881198819530795,0,S891A,1,0,6.940214436792388,,,,0,0,0,0,0,0,0,0,middle
89_control,,32.881198819530795,0,S891A,1,0,6.940214436792388,,,,0,0,0,0,0,0,0,0,middle
89_control,,32.881198819530795,0,S891A,1,0,6.940214436792388,,,,0,0,0,0,0,0,0,0,middle
89_control,,32.881198819530795,0,S891A,1,0,6.940214436792388,,,,0,0,0,0,0,0,0,0,middle
89_control,,32.881198819530795,0,S891A,1,0,6.940214436792388,,,,0,0,0,0,0,0,0,0,middle
89_control,,32.881198819530795,0,S891A,1,0,6.940214436792388,,,,0,0,0,0,0,0,0,0,middle
89_control,,32.881198819530795,0,S891A,1,0,6.940214436792388,,,,0,0,0,0,0,0,0,0,middle
89_control,,32.881198819530795,0,S891A,1,0,6.940214436792388,,,,0,0,0,0,0,0,0,0,middle
89_control,,32.881198819530795,0,S891A,1,0,6.940214436792388,,,,0,0,0,0,0,0,0,0,middle
89_control,,32.881198819530795,0,S891A,1,0,6.940214436792388,,,,0,0,0,0,0,0,0,0,middle
89_control,,32.881198819530795,0,S891A,1,0,6.940214436792388,,,,0,0,0,0,0,0,0,0,middle
89_control,,32.881198819530795,0,S891A,1,0,6.940214436792388,,,,0,0,0,0,0,0,0,0,middle
89_control,,32.881198819530795,0,S891A,1,0,6.940214436792388,,,,0,0,0,0,0,0,0,0,middle
89_control,,32.881198819530795,0,S891A,1,0,6.940214436792388,,,,0,0,0,0,0,0,0,0,middle
89_control,,32.881198819530795,0,S891A,1,0,6.940214436792388,,,,0,0,0,0,0,0,0,0,middle
89_control,,32.881198819530795,0,S891A,1,0,6.940214436792388,,,,0,0,0,0,0,0,0,0,middle
89_control,,32.881198819530795,0,S891A,1,0,6.940214436792388,,,,0,0,0,0,0,0,0,0,middle
89_control,,32.881198819530795,0,S891A,1,0,6.940214436792388,,,,0,0,0,0,0,0,0,0,middle
89_control,,32.881198819530795,0,S891A,1,0,6.940214436792388,,,,0,0,0,0,0,0,0,0,middle
89_control,,32.881198819530795,0,S891A,1,0,6.940214436792388,,,,0,0,0,0,0,0,0,0,middle
89_control,,32.881198819530795,0,S891A,1,0,6.940214436792388,,,,0,0,0,0,0,0,0,0,middle
89_control,,32.881198819530795,0,S891A,1,0,6.940214436792388,,,,0,0,0,0,0,0,0,0,middle
89_control,,32.881198819530795,0,S891A,1,0,6.940214436792388,,,,0,0,0,0,0,0,0,0,middle
89_control,,32.881198819530795,0,S891A,1,0,6.940214436792388,,,,0,0,0,0,0,0,0,0,middle
89_control,,32.881198819530795,0,S891A,1,0,6.940214436792388,,,,0,0,0,0,0,0,0,0,middle
89_control,,32.881198819530795,0,S891A,1,0,6.940214436792388,,,,0,0,0,0,0,0,0,0,middle
89_control,,32.881198819530795,0,S891A,1,0,6.940214436792388,,,,0,0,0,0,0,0,0,0,middle
89_control,,32.881198819530795,0,S891A,1,0,6.940214436792388,,,,0,0,0,0,0,0,0,0,middle
89_control,,32.881198819530795,0,S891A,1,0,6.940214436792388,,,,0,0,0,0,0,0,0,0,middle
89_control,,32.881198819530795,0,S891A,1,0,6.940214436792388,,,,0,0,0,0,0,0,0,0,middle
89_control,,32.881198819530795,0,S891A,1,0,6.940214436792388,,,,0,0,0,0,0,0,0,0,middle
89_control,,32.881198819530795,0,S891A,1,0,6.940214436792388,,,,0,0,0,0,0,0,0,0,middle
89_control,,32.881198819530795,0,S891A,1,0,6.940214436792388,,,,0,0,0,0,0,0,0,0,middle
89_control,,32.881198819530795,0,S891A,1,0,6.940214436792388,,,,0,0,0,0,0,0,0,0,middle
89_control,,32.881198819530795,0,S891A,1,0,6.940214436792388,,,,0,0,0,0,0,0,0,0,middle
89_control,,32.881198819530795,0,S891A,1,0,6.940214436792388,,,,0,0,0,0,0,0,0,0,middle
89_control,,32.881198819530795,0,S891A,1,0,6.940214436792388,,,,0,0,0,0,0,0,0,0,middle
89_control,,32.881198819530795,0,S891A,1,0,6.940214436792388,,,,0,0,0,0,0,0,0,0,middle
89_control,,32.881198819530795,0,S891A,1,0,6.940214436792388,,,,0,0,0,0,0,0,0,0,middle
89_control,,32.881198819530795,0,S891A,1,0,6.940214436792388,,,,0,0,0,0,0,0,0,0,middle
89_control,,32.881198819530795,0,S891A,1,0,6.940214436792388,,,,0,0,0,0,0,0,0,0,middle
89_control,,32.881198819530795,0,S891A,1,0,6.940214436792388,,,,0,0,0,0,0,0,0,0,middle
89_control,,32.881198819530795,0,S891A,1,0,6.940214436792388,,,,0,0,0,0,0,0,0,0,middle
89_control,,32.881198819530795,0,S891A,1,0,6.940214436792388,,,,0,0,0,0,0,0,0,0,middle
89_control,,32.881198819530795,0,S891A,1,0,6.940214436792388,,,,0,0,0,0,0,0,0,0,middle
89_control,,32.881198819530795,0,S891A,1,0,6.940214436792388,,,,0,0,0,0,0,0,0,0,middle
89_control,,32.881198819530795,0,S891A,1,0,6.940214436792388,,,,0,0,0,0,0,0,0,0,middle
89_control,,32.881198819530795,0,S891A,1,0,6.940214436792388,,,,0,0,0,0,0,0,0,0,middle
89_control,,32.881198819530795,0,S891A,1,0,6.940214436792388,,,,0,0,0,0,0,0,0,0,middle
89_control,,32.881198819530795,0,S891A,1,0,6.940214436792388,,,,0,0,0,0,0,0,0,0,middle
89_control,,32.881198819530795,0,S891A,1,0,6.940214436792388,,,,0,0,0,0,0,0,0,0,middle
89_control,,32.881198819530795,0,S891A,1,0,6.940214436792388,,,,0,0,0,0,0,0,0,0,middle
89_control,,32.881198819530795,0,S891A,1,0,6.940214436792388,,,,0,0,0,0,0,0,0,0,middle
89_control,,32.881198819530795,0,S891A,1,0,6.940214436792388,,,,0,0,0,0,0,0,0,0,middle
89_control,,32.881198819530795,0,S891A,1,0,6.940214436792388,,,,0,0,0,0,0,0,0,0,middle
89_control,,32.881198819530795,0,S891A,1,0,6.940214436792388,,,,0,0,0,0,0,0,0,0,middle
89_control,,32.881198819530795,0,S891A,1,0,6.940214436792388,,,,0,0,0,0,0,0,0,0,middle
89_control,,32.881198819530795,0,S891A,1,0,6.940214436792388,,,,0,0,0,0,0,0,0,0,middle
89_control,,32.881198819530795,0,S891A,1,0,6.940214436792388,,,,0,0,0,0,0,0,0,0,middle
89_control,,32.881198819530795,0,S891A,1,0,6.940214436792388,,,,0,0,0,0,0,0,0,0,middle
89_control,,32.881198819530795,0,S891A,1,0,6.940214436792388,,,,0,0,0,0,0,0,0,0,middle
89_control,,32.881198819530795,0,S891A,1,0,6.940214436792388,,,,0,0,0,0,0,0,0,0,middle
89_control,,32.881198819530795,0,S891A,1,0,6.940214436792388,,,,0,0,0,0,0,0,0,0,middle
89_control,,32.881198819530795,0,S891A,1,0,6.940214436792388,,,,0,0,0,0,0,0,0,0,middle
89_control,,32.881198819530795,0,S891A,1,0,6.940214436792388,,,,0,0,0,0,0,0,0,0,middle
89_control,,32.881198819530795,0,S891A,1,0,6.940214436792388,,,,0,0,0,0,0,0,0,0,middle
89_control,,32.881198819530795,0,S891A,1,0,6.940214436792388,,,,0,0,0,0,0,0,0,0,middle
89_control,,32.881198819530795,0,S891A,1,0,6.940214436792388,,,,0,0,0,0,0,0,0,0,middle
89_control,,32.881198819530795,0,S891A,1,0,6.940214436792388,,,,0,0,0,0,0,0,0,0,middle
89_control,,32.881198819530795,0,S891A,1,0,6.940214436792388,,,,0,0,0,0,0,0,0,0,middle
89_control,,32.881198819530795,0,S891A,1,0,6.940214436792388,,,,0,0,0,0,0,0,0,0,middle
89_control,,32.881198819530795,0,S891A,1,0,6.940214436792388,,,,0,0,0,0,0,0,0,0,middle
89_control,,32.881198819530795,0,S891A,1,0,6.940214436792388,,,,0,0,0,0,0,0,0,0,middle
89_control,,32.881198819530795,0,S891A,1,0,6.940214436792388,,,,0,0,0,0,0,0,0,0,middle
89_control,,32.881198819530795,0,S891A,1,0,6.940214436792388,,,,0,0,0,0,0,0,0,0,middle
89_control,,32.881198819530795,0,S891A,1,0,6.940214436792388,,,,0,0,0,0,0,0,0,0,middle
89_control,,32.881198819530795,0,S891A,1,0,6.940214436792388,,,,0,0,0,0,0,0,0,0,middle
89_control,,32.881198819530795,0,S891A,1,0,6.940214436792388,,,,0,0,0,0,0,0,0,0,middle
89_control,,32.881198819530795,0,S891A,1,0,6.940214436792388,,,,0,0,0,0,0,0,0,0,middle
89_control,,32.881198819530795,0,S891A,1,0,6.940214436792388,,,,0,0,0,0,0,0,0,0,middle
89_control,,32.881198819530795,0,S891A,1,0,6.940214436792388,,,,0,0,0,0,0,0,0,0,middle
89_control,,32.881198819530795,0,S891A,1,0,6.940214436792388,,,,0,0,0,0,0,0,0,0,middle
89_control,,32.881198819530795,0,S891A,1,0,6.940214436792388,,,,0,0,0,0,0,0,0,0,middle
89_control,,32.881198819530795,0,S891A,1,0,6.940214436792388,,,,0,0,0,0,0,0,0,0,middle
89_control,,32.881198819530795,0,S891A,1,0,6.940214436792388,,,,0,0,0,0,0,0,0,0,middle
89_control,,32.881198819530795,0,S891A,1,0,6.940214436792388,,,,0,0,0,0,0,0,0,0,middle
89_control,,32.881198819530795,0,S891A,1,0,6.940214436792388,,,,0,0,0,0,0,0,0,0,middle
89_control,,32.881198819530795,0,S891A,1,0,6.940214436792388,,,,0,0,0,0,0,0,0,0,middle
89_control,,32.881198819530795,0,S891A,1,0,6.940214436792388,,,,0,0,0,0,0,0,0,0,middle
89_control,,32.881198819530795,0,S891A,1,0,6.940214436792388,,,,0,0,0,0,0,0,0,0,middle
89_control,,32.881198819530795,0,S891A,1,0,6.940214436792388,,,,0,0,0,0,0,0,0,0,middle
89_control,,32.881198819530795,0,S891A,1,0,6.940214436792388,,,,0,0,0,0,0,0,0,0,middle
89_control,,32.881198819530795,0,S891A,1,0,6.940214436792388,,,,0,0,0,0,0,0,0,0,middle
89_control,,32.881198819530795,0,S891A,1,0,6.940214436792388,,,,0,0,0,0,0,0,0,0,middle
89_control,,32.881198819530795,0,S891A,1,0,6.940214436792388,,,,0,0,0,0,0,0,0,0,middle
89_control,,32.881198819530795,0,S891A,1,0,6.940214436792388,,,,0,0,0,0,0,0,0,0,middle
89_control,,32.881198819530795,0,S891A,1,0,6.940214436792388,,,,0,0,0,0,0,0,0,0,middle
89_control,,32.881198819530795,0,S891A,1,0,6.940214436792388,,,,0,0,0,0,0,0,0,0,middle
89_control,,32.881198819530795,0,S891A,1,0,6.940214436792388,,,,0,0,0,0,0,0,0,0,middle
89_control,,32.881198819530795,0,S891A,1,0,6.940214436792388,,,,0,0,0,0,0,0,0,0,middle
89_control,,32.881198819530795,0,S891A,1,0,6.940214436792388,,,,0,0,0,0,0,0,0,0,middle
89_control,,32.881198819530795,0,S891A,1,0,6.940214436792388,,,,0,0,0,0,0,0,0,0,middle
89_control,,32.881198819530795,0,S891A,1,0,6.940214436792388,,,,0,0,0,0,0,0,0,0,middle
89_control,,32.881198819530795,0,S891A,1,0,6.940214436792388,,,,0,0,0,0,0,0,0,0,middle
89_control,,32.881198819530795,0,S891A,1,0,6.940214436792388,,,,0,0,0,0,0,0,0,0,middle
89_control,,32.881198819530795,0,S891A,1,0,6.940214436792388,,,,0,0,0,0,0,0,0,0,middle
89_control,,32.881198819530795,0,S891A,1,0,6.940214436792388,,,,0,0,0,0,0,0,0,0,middle
89_control,,32.881198819530795,0,S891A,1,0,6.940214436792388,,,,0,0,0,0,0,0,0,0,middle
89_control,,32.881198819530795,0,S891A,1,0,6.940214436792388,,,,0,0,0,0,0,0,0,0,middle
89_control,,32.881198819530795,0,S891A,1,0,6.940214436792388,,,,0,0,0,0,0,0,0,0,middle
89_control,,32.881198819530795,0,S891A,1,0,6.940214436792388,,,,0,0,0,0,0,0,0,0,middle
89_control,,32.881198819530795,0,S891A,1,0,6.940214436792388,,,,0,0,0,0,0,0,0,0,middle
89_control,,32.881198819530795,0,S891A,1,0,6.940214436792388,,,,0,0,0,0,0,0,0,0,middle
89_control,,32.881198819530795,0,S891A,1,0,6.940214436792388,,,,0,0,0,0,0,0,0,0,middle
89_control,,32.881198819530795,0,S891A,1,0,6.940214436792388,,,,0,0,0,0,0,0,0,0,middle
89_control,,32.881198819530795,0,S891A,1,0,6.940214436792388,,,,0,0,0,0,0,0,0,0,middle
89_control,,32.881198819530795,0,S891A,1,0,6.940214436792388,,,,0,0,0,0,0,0,0,0,middle
89_control,,32.881198819530795,0,S891A,1,0,6.940214436792388,,,,0,0,0,0,0,0,0,0,middle
89_control,,32.881198819530795,0,S891A,1,0,6.940214436792388,,,,0,0,0,0,0,0,0,0,middle
89_control,,32.881198819530795,0,S891A,1,0,6.940214436792388,,,,0,0,0,0,0,0,0,0,middle
89_control,,32.881198819530795,0,S891A,1,0,6.940214436792388,,,,0,0,0,0,0,0,0,0,middle
89_control,,32.881198819530795,0,S891A,1,0,6.940214436792388,,,,0,0,0,0,0,0,0,0,middle
89_control,,32.881198819530795,0,S891A,1,0,6.940214436792388,,,,0,0,0,0,0,0,0,0,middle
89_control,,32.881198819530795,0,S891A,1,0,6.940214436792388,,,,0,0,0,0,0,0,0,0,middle
89_control,,32.881198819530795,0,S891A,1,0,6.940214436792388,,,,0,0,0,0,0,0,0,0,middle
89_control,,32.881198819530795,0,S891A,1,0,6.940214436792388,,,,0,0,0,0,0,0,0,0,middle
89_control,,32.881198819530795,0,S891A,1,0,6.940214436792388,,,,0,0,0,0,0,0,0,0,middle
89_control,,32.881198819530795,0,S891A,1,0,6.940214436792388,,,,0,0,0,0,0,0,0,0,middle
89_control,,32.881198819530795,0,S891A,1,0,6.940214436792388,,,,0,0,0,0,0,0,0,0,middle
89_control,,32.881198819530795,0,S891A,1,0,6.940214436792388,,,,0,0,0,0,0,0,0,0,middle
89_control,,32.881198819530795,0,S891A,1,0,6.940214436792388,,,,0,0,0,0,0,0,0,0,middle
89_control,,32.881198819530795,0,S891A,1,0,6.940214436792388,,,,0,0,0,0,0,0,0,0,middle
89_control,,32.881198819530795,0,S891A,1,0,6.940214436792388,,,,0,0,0,0,0,0,0,0,middle
89_control,,32.881198819530795,0,S891A,1,0,6.940214436792388,,,,0,0,0,0,0,0,0,0,middle
89_control,,32.881198819530795,0,S891A,1,0,6.940214436792388,,,,0,0,0,0,0,0,0,0,middle
89_control,,32.881198819530795,0,S891A,1,0,6.940214436792388,,,,0,0,0,0,0,0,0,0,middle
89_control,,32.881198819530795,0,S891A,1,0,6.940214436792388,,,,0,0,0,0,0,0,0,0,middle
89_control,,32.881198819530795,0,S891A,1,0,6.940214436792388,,,,0,0,0,0,0,0,0,0,middle
89_control,,32.881198819530795,0,S891A,1,0,6.940214436792388,,,,0,0,0,0,0,0,0,0,middle
89_control,,32.881198819530795,0,S891A,1,0,6.940214436792388,,,,0,0,0,0,0,0,0,0,middle
89_control,,32.881198819530795,0,S891A,1,0,6.940214436792388,,,,0,0,0,0,0,0,0,0,middle
89_control,,32.881198819530795,0,S891A,1,0,6.940214436792388,,,,0,0,0,0,0,0,0,0,middle
89_control,,32.881198819530795,0,S891A,1,0,6.940214436792388,,,,0,0,0,0,0,0,0,0,middle
89_control,,32.881198819530795,0,S891A,1,0,6.940214436792388,,,,0,0,0,0,0,0,0,0,middle
89_control,,32.881198819530795,0,S891A,1,0,6.940214436792388,,,,0,0,0,0,0,0,0,0,middle
89_control,,32.881198819530795,0,S891A,1,0,6.940214436792388,,,,0,0,0,0,0,0,0,0,middle
89_control,,32.881198819530795,0,S891A,1,0,6.940214436792388,,,,0,0,0,0,0,0,0,0,middle
89_control,,32.881198819530795,0,S891A,1,0,6.940214436792388,,,,0,0,0,0,0,0,0,0,middle
89_control,,32.881198819530795,0,S891A,1,0,6.940214436792388,,,,0,0,0,0,0,0,0,0,middle
89_control,,32.881198819530795,0,S891A,1,0,6.940214436792388,,,,0,0,0,0,0,0,0,0,middle
89_control,,32.881198819530795,0,S891A,1,0,6.940214436792388,,,,0,0,0,0,0,0,0,0,middle
89_control,,32.881198819530795,0,S891A,1,0,6.940214436792388,,,,0,0,0,0,0,0,0,0,middle
89_control,,32.881198819530795,0,S891A,1,0,6.940214436792388,,,,0,0,0,0,0,0,0,0,middle
89_control,,32.881198819530795,0,S891A,1,0,6.940214436792388,,,,0,0,0,0,0,0,0,0,middle
89_control,,32.881198819530795,0,S891A,1,0,6.940214436792388,,,,0,0,0,0,0,0,0,0,middle
89_control,,32.881198819530795,0,S891A,1,0,6.940214436792388,,,,0,0,0,0,0,0,0,0,middle
89_control,,32.881198819530795,0,S891A,1,0,6.940214436792388,,,,0,0,0,0,0,0,0,0,middle
89_control,,32.881198819530795,0,S891A,1,0,6.940214436792388,,,,0,0,0,0,0,0,0,0,middle
89_control,,32.881198819530795,0,S891A,1,0,6.940214436792388,,,,0,0,0,0,0,0,0,0,middle
89_control,,32.881198819530795,0,S891A,1,0,6.940214436792388,,,,0,0,0,0,0,0,0,0,middle
89_control,,32.881198819530795,0,S891A,1,0,6.940214436792388,,,,0,0,0,0,0,0,0,0,middle
89_control,,32.881198819530795,0,S891A,1,0,6.940214436792388,,,,0,0,0,0,0,0,0,0,middle
89_control,,32.881198819530795,0,S891A,1,0,6.940214436792388,,,,0,0,0,0,0,0,0,0,middle
89_control,,32.881198819530795,0,S891A,1,0,6.940214436792388,,,,0,0,0,0,0,0,0,0,middle
89_control,,32.881198819530795,0,S891A,1,0,6.940214436792388,,,,0,0,0,0,0,0,0,0,middle
89_control,,32.881198819530795,0,S891A,1,0,6.940214436792388,,,,0,0,0,0,0,0,0,0,middle
89_control,,32.881198819530795,0,S891A,1,0,6.940214436792388,,,,0,0,0,0,0,0,0,0,middle
89_control,,32.881198819530795,0,S891A,1,0,6.940214436792388,,,,0,0,0,0,0,0,0,0,middle
89_control,,32.881198819530795,0,S891A,1,0,6.940214436792388,,,,0,0,0,0,0,0,0,0,middle
89_control,,32.881198819530795,0,S891A,1,0,6.940214436792388,,,,0,0,0,0,0,0,0,0,middle
89_control,,32.881198819530795,0,S891A,1,0,6.940214436792388,,,,0,0,0,0,0,0,0,0,middle
89_control,,32.881198819530795,0,S891A,1,0,6.940214436792388,,,,0,0,0,0,0,0,0,0,middle
89_control,,32.881198819530795,0,S891A,1,0,6.940214436792388,,,,0,0,0,0,0,0,0,0,middle
89_control,,32.881198819530795,0,S891A,1,0,6.940214436792388,,,,0,0,0,0,0,0,0,0,middle
89_control,,32.881198819530795,0,S891A,1,0,6.940214436792388,,,,0,0,0,0,0,0,0,0,middle
89_control,,32.881198819530795,0,S891A,1,0,6.940214436792388,,,,0,0,0,0,0,0,0,0,middle
89_control,,32.881198819530795,0,S891A,1,0,6.940214436792388,,,,0,0,0,0,0,0,0,0,middle
89_control,,32.881198819530795,0,S891A,1,0,6.940214436792388,,,,0,0,0,0,0,0,0,0,middle
89_control,,32.881198819530795,0,S891A,1,0,6.940214436792388,,,,0,0,0,0,0,0,0,0,middle
89_control,,32.881198819530795,0,S891A,1,0,6.940214436792388,,,,0,0,0,0,0,0,0,0,middle
89_control,,32.881198819530795,0,S891A,1,0,6.940214436792388,,,,0,0,0,0,0,0,0,0,middle
89_control,,32.881198819530795,0,S891A,1,0,6.940214436792388,,,,0,0,0,0,0,0,0,0,middle
89_control,,32.881198819530795,0,S891A,1,0,6.940214436792388,,,,0,0,0,0,0,0,0,0,middle
89_control,,32.881198819530795,0,S891A,1,0,6.940214436792388,,,,0,0,0,0,0,0,0,0,middle
89_control,,32.881198819530795,0,S891A,1,0,6.940214436792388,,,,0,0,0,0,0,0,0,0,middle
89_control,,32.881198819530795,0,S891A,1,0,6.940214436792388,,,,0,0,0,0,0,0,0,0,middle
89_control,,32.881198819530795,0,S891A,1,0,6.940214436792388,,,,0,0,0,0,0,0,0,0,middle
89_control,,32.881198819530795,0,S891A,1,0,6.940214436792388,,,,0,0,0,0,0,0,0,0,middle
89_control,,32.881198819530795,0,S891A,1,0,6.940214436792388,,,,0,0,0,0,0,0,0,0,middle
89_control,,32.881198819530795,0,S891A,1,0,6.940214436792388,,,,0,0,0,0,0,0,0,0,middle
89_control,,32.881198819530795,0,S891A,1,0,6.940214436792388,,,,0,0,0,0,0,0,0,0,middle
89_control,,32.881198819530795,0,S891A,1,0,6.940214436792388,,,,0,0,0,0,0,0,0,0,middle
89_control,,32.881198819530795,0,S891A,1,0,6.940214436792388,,,,0,0,0,0,0,0,0,0,middle
89_control,,32.881198819530795,0,S891A,1,0,6.940214436792388,,,,0,0,0,0,0,0,0,0,middle
89_control,,32.881198819530795,0,S891A,1,0,6.940214436792388,,,,0,0,0,0,0,0,0,0,middle
89_control,,32.881198819530795,0,S891A,1,0,6.940214436792388,,,,0,0,0,0,0,0,0,0,middle
89_control,,32.881198819530795,0,S891A,1,0,6.940214436792388,,,,0,0,0,0,0,0,0,0,middle
89_control,,32.881198819530795,0,S891A,1,0,6.940214436792388,,,,0,0,0,0,0,0,0,0,middle
89_control,,32.881198819530795,0,S891A,1,0,6.940214436792388,,,,0,0,0,0,0,0,0,0,middle
89_control,,32.881198819530795,0,S891A,1,0,6.940214436792388,,,,0,0,0,0,0,0,0,0,middle
89_control,,32.881198819530795,0,S891A,1,0,6.940214436792388,,,,0,0,0,0,0,0,0,0,middle
89_control,,32.881198819530795,0,S891A,1,0,6.940214436792388,,,,0,0,0,0,0,0,0,0,middle
89_control,,32.881198819530795,0,S891A,1,0,6.940214436792388,,,,0,0,0,0,0,0,0,0,middle
89_control,,32.881198819530795,0,S891A,1,0,6.940214436792388,,,,0,0,0,0,0,0,0,0,middle
89_control,,32.881198819530795,0,S891A,1,0,6.940214436792388,,,,0,0,0,0,0,0,0,0,middle
89_control,,32.881198819530795,0,S891A,1,0,6.940214436792388,,,,0,0,0,0,0,0,0,0,middle
89_control,,32.881198819530795,0,S891A,1,0,6.940214436792388,,,,0,0,0,0,0,0,0,0,middle
89_control,,32.881198819530795,0,S891A,1,0,6.940214436792388,,,,0,0,0,0,0,0,0,0,middle
89_control,,32.881198819530795,0,S891A,1,0,6.940214436792388,,,,0,0,0,0,0,0,0,0,middle
89_control,,32.881198819530795,0,S891A,1,0,6.940214436792388,,,,0,0,0,0,0,0,0,0,middle
89_control,,32.881198819530795,0,S891A,1,0,6.940214436792388,,,,0,0,0,0,0,0,0,0,middle
89_control,,32.881198819530795,0,S891A,1,0,6.940214436792388,,,,0,0,0,0,0,0,0,0,middle
89_control,,32.881198819530795,0,S891A,1,0,6.940214436792388,,,,0,0,0,0,0,0,0,0,middle
89_control,,32.881198819530795,0,S891A,1,0,6.940214436792388,,,,0,0,0,0,0,0,0,0,middle
89_control,,32.881198819530795,0,S891A,1,0,6.940214436792388,,,,0,0,0,0,0,0,0,0,middle
89_control,,32.881198819530795,0,S891A,1,0,6.940214436792388,,,,0,0,0,0,0,0,0,0,middle
89_control,,32.881198819530795,0,S891A,1,0,6.940214436792388,,,,0,0,0,0,0,0,0,0,middle
89_control,,32.881198819530795,0,S891A,1,0,6.940214436792388,,,,0,0,0,0,0,0,0,0,middle
89_control,,32.881198819530795,0,S891A,1,0,6.940214436792388,,,,0,0,0,0,0,0,0,0,middle
89_control,,32.881198819530795,0,S891A,1,0,6.940214436792388,,,,0,0,0,0,0,0,0,0,middle
89_control,,32.881198819530795,0,S891A,1,0,6.940214436792388,,,,0,0,0,0,0,0,0,0,middle
89_control,,32.881198819530795,0,S891A,1,0,6.940214436792388,,,,0,0,0,0,0,0,0,0,middle
89_control,,32.881198819530795,0,S891A,1,0,6.940214436792388,,,,0,0,0,0,0,0,0,0,middle
89_control,,32.881198819530795,0,S891A,1,0,6.940214436792388,,,,0,0,0,0,0,0,0,0,middle
89_control,,32.881198819530795,0,S891A,1,0,6.940214436792388,,,,0,0,0,0,0,0,0,0,middle
89_control,,32.881198819530795,0,S891A,1,0,6.940214436792388,,,,0,0,0,0,0,0,0,0,middle
89_control,,32.881198819530795,0,S891A,1,0,6.940214436792388,,,,0,0,0,0,0,0,0,0,middle
89_control,,32.881198819530795,0,S891A,1,0,6.940214436792388,,,,0,0,0,0,0,0,0,0,middle
89_control,,32.881198819530795,0,S891A,1,0,6.940214436792388,,,,0,0,0,0,0,0,0,0,middle
89_control,,32.881198819530795,0,S891A,1,0,6.940214436792388,,,,0,0,0,0,0,0,0,0,middle
89_control,,32.881198819530795,0,S891A,1,0,6.940214436792388,,,,0,0,0,0,0,0,0,0,middle
89_control,,32.881198819530795,0,S891A,1,0,6.940214436792388,,,,0,0,0,0,0,0,0,0,middle
89_control,,32.881198819530795,0,S891A,1,0,6.940214436792388,,,,0,0,0,0,0,0,0,0,middle
89_control,,32.881198819530795,0,S891A,1,0,6.940214436792388,,,,0,0,0,0,0,0,0,0,middle
89_control,,32.881198819530795,0,S891A,1,0,6.940214436792388,,,,0,0,0,0,0,0,0,0,middle
89_control,,32.881198819530795,0,S891A,1,0,6.940214436792388,,,,0,0,0,0,0,0,0,0,middle
89_control,,32.881198819530795,0,S891A,1,0,6.940214436792388,,,,0,0,0,0,0,0,0,0,middle
89_control,,32.881198819530795,0,S891A,1,0,6.940214436792388,,,,0,0,0,0,0,0,0,0,middle
89_control,,32.881198819530795,0,S891A,1,0,6.940214436792388,,,,0,0,0,0,0,0,0,0,middle
89_control,,32.881198819530795,0,S891A,1,0,6.940214436792388,,,,0,0,0,0,0,0,0,0,middle
89_control,,32.881198819530795,0,S891A,1,0,6.940214436792388,,,,0,0,0,0,0,0,0,0,middle
89_control,,32.881198819530795,0,S891A,1,0,6.940214436792388,,,,0,0,0,0,0,0,0,0,middle
89_control,,32.881198819530795,0,S891A,1,0,6.940214436792388,,,,0,0,0,0,0,0,0,0,middle
89_control,,32.881198819530795,0,S891A,1,0,6.940214436792388,,,,0,0,0,0,0,0,0,0,middle
89_control,,32.881198819530795,0,S891A,1,0,6.940214436792388,,,,0,0,0,0,0,0,0,0,middle
89_control,,32.881198819530795,0,S891A,1,0,6.940214436792388,,,,0,0,0,0,0,0,0,0,middle
89_control,,32.881198819530795,0,S891A,1,0,6.940214436792388,,,,0,0,0,0,0,0,0,0,middle
89_control,,32.881198819530795,0,S891A,1,0,6.940214436792388,,,,0,0,0,0,0,0,0,0,middle
89_control,,32.881198819530795,0,S891A,1,0,6.940214436792388,,,,0,0,0,0,0,0,0,0,middle
89_control,,32.881198819530795,0,S891A,1,0,6.940214436792388,,,,0,0,0,0,0,0,0,0,middle
89_control,,32.881198819530795,0,S891A,1,0,6.940214436792388,,,,0,0,0,0,0,0,0,0,middle
89_control,,32.881198819530795,0,S891A,1,0,6.940214436792388,,,,0,0,0,0,0,0,0,0,middle
89_control,,32.881198819530795,0,S891A,1,0,6.940214436792388,,,,0,0,0,0,0,0,0,0,middle
89_control,,32.881198819530795,0,S891A,1,0,6.940214436792388,,,,0,0,0,0,0,0,0,0,middle
89_control,,32.881198819530795,0,S891A,1,0,6.940214436792388,,,,0,0,0,0,0,0,0,0,middle
89_control,,32.881198819530795,0,S891A,1,0,6.940214436792388,,,,0,0,0,0,0,0,0,0,middle
89_control,,32.881198819530795,0,S891A,1,0,6.940214436792388,,,,0,0,0,0,0,0,0,0,middle
89_control,,32.881198819530795,0,S891A,1,0,6.940214436792388,,,,0,0,0,0,0,0,0,0,middle
89_control,,32.881198819530795,0,S891A,1,0,6.940214436792388,,,,0,0,0,0,0,0,0,0,middle
89_control,,32.881198819530795,0,S891A,1,0,6.940214436792388,,,,0,0,0,0,0,0,0,0,middle
89_control,,32.881198819530795,0,S891A,1,0,6.940214436792388,,,,0,0,0,0,0,0,0,0,middle
89_control,,32.881198819530795,0,S891A,1,0,6.940214436792388,,,,0,0,0,0,0,0,0,0,middle
89_control,,32.881198819530795,0,S891A,1,0,6.940214436792388,,,,0,0,0,0,0,0,0,0,middle
89_control,,32.881198819530795,0,S891A,1,0,6.940214436792388,,,,0,0,0,0,0,0,0,0,middle
89_control,,32.881198819530795,0,S891A,1,0,6.940214436792388,,,,0,0,0,0,0,0,0,0,middle
89_control,,32.881198819530795,0,S891A,1,0,6.940214436792388,,,,0,0,0,0,0,0,0,0,middle
89_control,,32.881198819530795,0,S891A,1,0,6.940214436792388,,,,0,0,0,0,0,0,0,0,middle
89_control,,32.881198819530795,0,S891A,1,0,6.940214436792388,,,,0,0,0,0,0,0,0,0,middle
89_control,,32.881198819530795,0,S891A,1,0,6.940214436792388,,,,0,0,0,0,0,0,0,0,middle
89_control,,32.881198819530795,0,S891A,1,0,6.940214436792388,,,,0,0,0,0,0,0,0,0,middle
89_control,,32.881198819530795,0,S891A,1,0,6.940214436792388,,,,0,0,0,0,0,0,0,0,middle
89_control,,32.881198819530795,0,S891A,1,0,6.940214436792388,,,,0,0,0,0,0,0,0,0,middle
89_control,,32.881198819530795,0,S891A,1,0,6.940214436792388,,,,0,0,0,0,0,0,0,0,middle
89_control,,32.881198819530795,0,S891A,1,0,6.940214436792388,,,,0,0,0,0,0,0,0,0,middle
mtc_s0_control,,18.0,0,C634Y,3,0,6.940214436792388,,,,0,0,0,0,0,0,0,0,young
mtc_s0_control,,18.0,0,C634Y,3,0,6.940214436792388,,,,0,0,0,0,0,0,0,0,young
mtc_s1_control,,21.881198819530795,1,K666N,1,0,6.940214436792388,,,,0,0,0,0,0,0,0,0,middle
mtc_s1_control,,21.881198819530795,1,K666N,1,0,6.940214436792388,,,,0,0,0,0,0,0,0,0,middle
mtc_s2_control,,37.881198819530795,1,L790F,1,0,6.940214436792388,,,,0,0,0,0,0,0,0,0,middle
mtc_s2_control,,37.881198819530795,1,L790F,1,0,6.940214436792388,,,,0,0,0,0,0,0,0,0,middle
mtc_s3_control,,43.881198819530795,1,M918T,3,0,6.940214436792388,,,,0,0,0,0,0,0,0,0,elderly
mtc_s3_control,,43.881198819530795,1,M918T,3,0,6.940214436792388,,,,0,0,0,0,0,0,0,0,elderly
mtc_s4_control,,52.881198819530795,0,M918T,3,0,6.940214436792388,,,,0,0,0,0,0,0,0,0,elderly
mtc_s4_control,,52.881198819530795,0,M918T,3,0,6.940214436792388,,,,0,0,0,0,0,0,0,0,elderly
mtc_s5_control,,58.881198819530795,1,S891A,1,0,6.940214436792388,,,,0,0,0,0,0,0,0,0,elderly
mtc_s5_control,,58.881198819530795,1,S891A,1,0,6.940214436792388,,,,0,0,0,0,0,0,0,0,elderly
