source_id,study_id,age,gender,ret_variant,ret_risk_level,calcitonin_elevated,calcitonin_level_numeric,thyroid_nodules_present,multiple_nodules,family_history_mtc,mtc_diagnosis,c_cell_disease,men2_syndrome,pheochromocytoma,hyperparathyroidism,age_group
0,study_1,24.0,0.0,K666N,1,0,0.2,0,0,0,0,0,0,0,0,young
1,study_1,21.0,0.0,K666N,1,0,0.2,0,0,1,0,0,0,0,0,young
2,study_1,60.0,1.0,K666N,1,1,13.0,1,1,1,1,1,0,0,0,elderly
3,study_1,84.0,0.0,K666N,1,1,37.0,1,0,1,0,1,0,0,0,very_elderly
4,study_2,40.0,0.0,K666N,1,1,12.3,1,0,0,1,1,1,1,1,middle
5,study_2,42.0,0.0,K666N,1,1,5.2,1,0,1,0,0,0,0,0,middle
6,study_2,46.0,1.0,K666N,1,1,17.3,1,0,0,0,0,0,0,0,middle
7,study_2,22.0,0.0,K666N,1,0,0.0,0,0,1,0,0,0,0,0,young
8,study_3,55.0,0.0,K666N,1,1,12.2,0,0,0,1,1,0,0,0,elderly
9,study_3,34.0,0.0,K666N,1,1,1988.0,0,0,0,1,1,0,0,0,middle
10,study_3,32.0,0.0,K666N,1,1,28000.0,0,0,0,1,1,0,0,0,middle
11,study_3,65.0,0.0,K666N,1,1,16.0,0,0,0,1,1,0,0,0,elderly
12,study_3,59.0,1.0,K666N,1,0,0.2,0,0,0,1,1,0,0,0,elderly
13,study_3,61.0,0.0,K666N,1,1,67.4,0,0,0,1,1,0,0,0,elderly
14,study_3,65.0,0.0,K666N,1,0,0.2,0,0,0,1,1,0,0,0,elderly
15,study_3,64.0,0.0,K666N,1,0,0.2,0,0,0,1,1,0,0,0,elderly
16,study_3,57.0,0.0,K666N,1,1,26.0,0,0,1,0,0,0,0,0,elderly
17,study_3,70.0,0.0,K666N,1,0,0.2,0,0,1,1,1,0,0,0,elderly
18,study_3,20.0,0.0,K666N,1,0,0.2,0,0,1,0,1,0,0,0,young
19,study_3,20.0,1.0,K666N,1,0,0.0,0,0,1,0,0,0,0,0,young
20,study_3,30.0,0.0,K666N,1,0,0.0,0,0,1,0,0,0,0,0,young
21,study_3,30.0,0.0,K666N,1,0,0.0,0,0,1,0,0,0,0,0,young
22,study_3,80.0,0.0,K666N,1,0,7.0,0,0,1,0,0,0,0,0,very_elderly
23,study_3,58.0,1.0,K666N,1,0,0.0,0,0,1,0,0,0,0,0,elderly
24,study_3,27.0,0.0,K666N,1,0,0.0,0,0,1,0,0,0,0,0,young
25,study_3,5.0,,K666N,1,0,0.0,0,0,1,0,0,0,0,0,young
26,study_3,47.0,0.0,K666N,1,0,0.0,0,0,1,0,0,0,0,0,middle
27,study_3,90.0,0.0,K666N,1,0,0.0,0,0,1,0,0,0,0,0,very_elderly
28,study_3,39.0,0.0,K666N,1,0,0.2,0,0,1,0,0,0,0,0,middle
29,study_3,61.0,1.0,K666N,1,0,0.2,0,0,1,0,0,0,0,0,elderly
30,study_3,29.0,1.0,K666N,1,0,0.0,0,0,1,0,0,0,0,0,young
31,study_3,35.0,,K666N,1,0,0.0,0,0,1,0,0,0,0,0,middle
32,study_4,16.0,0.0,L790F,1,0,0.2,0,0,0,1,1,1,0,0,young
33,study_4,19.0,1.0,L790F,1,1,23.0,0,0,0,0,1,1,0,0,young
34,study_4,13.0,1.0,L790F,1,1,11.0,0,0,0,0,0,1,0,0,young
35,study_4,21.0,1.0,L790F,1,1,5.0,0,0,0,0,0,1,0,0,young
36,study_4,10.0,1.0,Y791F,1,1,8.0,0,0,0,0,1,1,0,0,young
37,study_4,20.0,0.0,Y791F,1,0,0.0,0,0,0,0,0,1,0,0,young
38,study_4,24.0,0.0,V804M,1,0,0.0,0,0,0,0,0,1,0,0,young
39,study_4,31.0,1.0,V804M,1,0,0.0,0,0,0,0,0,1,0,0,middle
40,study_4,29.0,0.0,S891A,1,0,0.0,0,0,0,0,0,1,0,0,young
41,study_4,18.0,1.0,S891A,1,0,0.0,0,0,0,0,0,1,0,0,young
42,study_4,35.0,0.0,C634R,3,0,0.0,0,0,1,1,1,1,0,0,middle
43,study_4,42.0,1.0,C634R,3,0,0.0,0,0,1,1,1,1,0,0,middle
44,study_4,34.0,0.0,C634Y,3,1,18.0,0,0,1,1,1,1,0,0,middle
45,study_4,24.0,,C634Y,3,0,3.4,0,0,1,0,0,1,0,0,young
46,study_4,47.0,1.0,C634Y,3,1,26.2,0,0,1,1,1,1,0,0,middle
47,study_4,11.0,0.0,C634Y,3,0,0.0,0,0,1,0,0,1,0,0,young
48,study_4,38.0,1.0,C634Y,3,0,0.0,0,0,1,0,0,1,0,0,middle
49,study_4,28.0,1.0,C634W,3,0,0.0,0,0,1,0,0,1,0,0,young
50,study_4,15.0,0.0,C634W,3,0,0.0,0,0,1,0,0,1,0,0,young
51,study_4,49.0,1.0,C634W,3,0,0.0,0,0,0,1,1,1,1,0,middle
52,study_4,27.0,0.0,C634W,3,0,0.0,0,0,1,0,0,1,0,0,young
53,study_4,41.0,1.0,C634Y,3,1,80.0,0,0,1,1,1,1,0,0,middle
54,study_4,12.0,0.0,C634Y,3,0,0.0,0,0,1,0,0,1,0,0,young
55,study_4,15.0,1.0,C634Y,3,0,0.0,0,0,1,0,0,1,0,0,young
56,study_4,52.0,0.0,C634Y,3,1,110.0,0,0,0,1,1,1,0,0,elderly
57,study_4,20.0,0.0,C634Y,3,0,0.0,0,0,1,0,0,1,0,0,young
58,study_4,54.0,1.0,C634Y,3,1,130.0,0,0,0,1,1,1,0,0,elderly
59,study_4,30.0,0.0,C634Y,3,0,0.0,0,0,1,0,0,1,0,0,young
60,study_4,40.0,0.0,C634R,3,1,250.0,0,0,0,1,1,1,0,0,middle
61,study_4,20.0,0.0,C634R,3,0,0.0,0,0,1,0,0,1,0,0,young
62,study_4,14.0,0.0,C634R,3,0,0.0,0,0,1,0,0,1,0,0,young
63,study_4,49.0,0.0,C634Y,3,1,200.0,0,0,0,1,1,1,0,0,middle
64,study_4,17.0,0.0,C634Y,3,0,0.0,0,0,1,0,0,1,0,0,young
65,study_4,29.0,1.0,C618S,2,1,30.0,0,0,0,1,1,1,0,0,young
66,study_4,13.0,0.0,C618S,2,0,0.0,0,0,1,0,0,1,0,0,young
67,study_4,31.0,1.0,C634R,3,1,43.6,0,0,0,1,1,1,0,0,middle
68,study_4,9.0,1.0,C634R,3,0,0.0,0,0,1,0,0,1,0,0,young
69,study_4,36.0,0.0,C630R,2,1,75.0,0,0,0,1,1,1,0,0,middle
70,study_4,12.0,0.0,C630R,2,0,0.0,0,0,1,0,0,1,0,0,young
71,study_4,10.0,0.0,C630R,2,0,0.0,0,0,1,0,0,1,0,0,young
72,study_4,25.0,1.0,C634R,3,1,41.0,0,0,0,1,1,1,0,0,young
73,study_4,34.0,0.0,C634R,3,0,0.0,0,0,1,0,0,1,0,0,middle
74,study_4,44.0,1.0,C620Y,2,1,19.3,0,0,0,1,1,1,0,0,middle
75,study_4,14.0,0.0,C620Y,2,0,0.0,0,0,1,0,0,1,0,0,young
76,study_4,38.0,0.0,C630R,2,1,12.0,0,0,0,1,1,1,0,0,middle
77,study_4,13.0,0.0,C630R,2,0,0.0,0,0,1,0,0,1,0,0,young
0_variant_0,study_1,22.349296532508152,0.0,K666N,1,0,2.7771653622520365,0,0,0,0,0,0,0,0,young
0_variant_1,study_1,21.249519468544886,0.0,K666N,1,0,0.0,0,0,0,0,0,0,0,0,young
1_variant_0,study_1,19.257365597929454,0.0,K666N,1,0,0.0,0,0,1,0,0,0,0,0,young
1_variant_1,study_1,18.0,0.0,K666N,1,0,4.951848411984516,0,0,1,0,0,0,0,0,young
1_variant_2,study_1,19.715861807471295,0.0,K666N,1,0,0.0,0,0,1,0,0,0,0,0,young
2_variant_0,study_1,55.571010920536196,1.0,K666N,1,1,20.434904790236004,1,0,1,1,1,0,0,0,elderly
2_variant_1,study_1,58.42463144660997,Female,K666N,1,1,22.563856356796034,0,0,1,1,1,0,0,0,elderly
3_variant_0,study_1,82.19923844968227,Female,K666N,1,1,41.737199105233195,0,0,1,0,1,0,0,0,very_elderly
3_variant_1,study_1,80.93534341597321,0.0,K666N,1,1,36.1912230680124,1,0,1,0,1,0,0,0,very_elderly
3_variant_2,study_1,86.46763473630956,0.0,K666N,1,1,30.895781750144888,0,0,1,0,1,0,0,0,very_elderly
4_variant_0,study_2,38.61560284547745,0.0,K666N,1,1,12.633286392543123,1,1,0,1,1,1,1,1,middle
4_variant_1,study_2,40.518081119576536,0.0,K666N,1,1,13.92099383776366,1,0,0,1,1,1,1,1,middle
4_variant_2,study_2,40.79045812069063,0.0,K666N,1,1,20.50885558007038,0,0,0,1,1,1,1,1,middle
5_variant_0,study_2,38.6083430859553,0.0,K666N,1,0,5.872144413140109,1,0,1,0,0,0,0,0,middle
5_variant_1,study_2,39.96923399908212,Female,K666N,1,1,8.258381444204339,0,0,1,0,0,0,0,0,middle
5_variant_2,study_2,45.092998567487854,0.0,K666N,1,1,9.856400595580993,1,0,1,0,0,0,0,0,middle
6_variant_0,study_2,43.31099445061209,1.0,K666N,1,1,16.74006089746529,0,0,0,0,0,0,0,0,middle
6_variant_1,study_2,48.85001618652154,1.0,K666N,1,1,25.93258234287682,0,0,0,0,0,0,0,0,middle
7_variant_0,study_2,23.084908075142902,0.0,K666N,1,0,0.0,0,0,1,0,0,0,0,0,young
7_variant_1,study_2,21.892521882670145,0.0,K666N,1,1,7.823218279070031,0,0,1,0,0,0,0,0,young
8_variant_0,study_3,50.85784892718324,0.0,K666N,1,1,10.795968542366234,1,0,0,1,1,0,0,0,elderly
8_variant_1,study_3,52.65385652110048,0.0,K666N,1,1,14.31971534895467,1,1,0,1,1,0,0,0,elderly
8_variant_2,study_3,55.40726148842946,0.0,K666N,1,1,15.240448310004806,0,0,0,1,1,0,0,0,elderly
9_variant_0,study_3,35.50434499457442,0.0,K666N,1,1,1993.7909332646602,0,0,0,1,1,0,0,0,middle
9_variant_1,study_3,38.11558640064933,0.0,K666N,1,1,1988.877766469774,1,1,0,1,1,0,0,0,middle
9_variant_2,study_3,32.823675540603524,0.0,K666N,1,1,1980.6824252593394,0,0,0,1,1,0,0,0,middle
10_variant_0,study_3,32.381036718115396,0.0,K666N,1,1,27993.752781386,1,1,0,1,1,0,0,0,middle
10_variant_1,study_3,30.001818139308714,0.0,K666N,1,1,27997.43106254246,1,0,0,1,1,0,0,0,middle
11_variant_0,study_3,64.94434758646508,0.0,K666N,1,1,7.632476890048885,1,1,0,1,1,0,0,0,elderly
11_variant_1,study_3,65.18069062982308,Female,K666N,1,1,28.31621056242643,1,0,0,1,1,0,0,0,elderly
11_variant_2,study_3,63.2758723771598,0.0,K666N,1,1,13.892508898300582,0,0,0,1,1,0,0,0,elderly
12_variant_0,study_3,56.712119107354546,1.0,K666N,1,0,1.0432969359664725,1,0,0,1,1,0,0,0,elderly
12_variant_1,study_3,60.06847949116814,1.0,K666N,1,0,0.09059562830617494,0,0,0,1,1,0,0,0,elderly
12_variant_2,study_3,57.671592965283075,1.0,K666N,1,0,2.091133073704261,1,0,0,1,1,0,0,0,elderly
13_variant_0,study_3,56.348009706801605,0.0,K666N,1,1,67.74281487403015,1,0,0,1,1,0,0,0,elderly
13_variant_1,study_3,62.86164464788521,0.0,K666N,1,1,66.59531311568469,1,1,0,1,1,0,0,0,elderly
13_variant_2,study_3,63.44055165210901,0.0,K666N,1,1,61.24567841783023,1,0,0,1,1,0,0,0,elderly
14_variant_0,study_3,68.00145682328632,0.0,K666N,1,0,0.9621043112962975,1,0,0,1,1,0,0,0,elderly
14_variant_1,study_3,65.32613539888216,0.0,K666N,1,0,0.7288182351388031,0,0,0,1,1,0,0,0,elderly
14_variant_2,study_3,66.95914493314928,0.0,K666N,1,0,5.713437327313558,1,0,0,1,1,0,0,0,elderly
15_variant_0,study_3,69.59732353343426,0.0,K666N,1,0,2.569164604558938,1,0,0,1,1,0,0,0,elderly
15_variant_1,study_3,61.746461726008214,0.0,K666N,1,0,0.0,1,0,0,1,1,0,0,0,elderly
16_variant_0,study_3,58.25435556586676,0.0,K666N,1,1,16.567359771071807,0,0,1,0,0,0,0,0,elderly
16_variant_1,study_3,58.618827604751,0.0,K666N,1,1,18.508521813140348,0,0,1,0,0,0,0,0,elderly
17_variant_0,study_3,73.6281459120599,0.0,K666N,1,0,2.8898000184599786,1,0,1,1,1,0,0,0,elderly
17_variant_1,study_3,71.87700204329502,0.0,K666N,1,0,0.0,1,0,1,1,1,0,0,0,elderly
17_variant_2,study_3,69.62760283335503,0.0,K666N,1,0,3.901704089738693,0,0,1,1,1,0,0,0,elderly
18_variant_0,study_3,19.347629069287926,0.0,K666N,1,0,0.0,1,0,1,0,1,0,0,0,young
18_variant_1,study_3,18.0,0.0,K666N,1,0,0.0,0,0,1,0,1,0,0,0,young
19_variant_0,study_3,20.6928611688354,1.0,K666N,1,0,0.0,1,0,1,0,0,0,0,0,young
19_variant_1,study_3,21.07336208104485,1.0,K666N,1,0,2.803922631841172,0,0,1,0,0,0,0,0,young
19_variant_2,study_3,18.0,1.0,K666N,1,0,0.0,0,0,1,0,0,0,0,0,young
20_variant_0,study_3,27.80114659486883,Female,K666N,1,0,0.9767323627348641,0,0,1,0,0,0,0,0,young
20_variant_1,study_3,28.33216530667615,0.0,K666N,1,0,0.0,1,0,1,0,0,0,0,0,young
21_variant_0,study_3,28.54390935651269,0.0,K666N,1,0,0.40937069693161277,0,0,1,0,0,0,0,0,young
21_variant_1,study_3,32.05878057112354,Female,K666N,1,0,0.0,1,0,1,0,0,0,0,0,young
21_variant_2,study_3,27.32063917911233,0.0,K666N,1,0,0.0,0,0,1,0,0,0,0,0,young
22_variant_0,study_3,79.85706886652886,0.0,K666N,1,1,9.593472288588899,1,0,1,0,0,0,0,0,very_elderly
22_variant_1,study_3,77.70347190257799,0.0,K666N,1,1,9.111568808320323,0,0,1,0,0,0,0,0,very_elderly
22_variant_2,study_3,76.07625710099188,0.0,K666N,1,0,0.0,1,0,1,0,0,0,0,0,very_elderly
23_variant_0,study_3,59.514961836941374,1.0,K666N,1,0,4.328775970850607,1,0,1,0,0,0,0,0,elderly
23_variant_1,study_3,58.95330109731135,1.0,K666N,1,0,0.0,0,0,1,0,0,0,0,0,elderly
23_variant_2,study_3,59.131888796381226,1.0,K666N,1,1,8.256754932397449,0,0,1,0,0,0,0,0,elderly
24_variant_0,study_3,23.449280496166388,0.0,K666N,1,0,1.144852161152188,0,0,1,0,0,0,0,0,young
24_variant_1,study_3,29.097277145579966,0.0,K666N,1,0,2.999483168555029,0,0,1,0,0,0,0,0,young
24_variant_2,study_3,25.73985760611745,0.0,K666N,1,0,0.6960205547840808,0,0,1,0,0,0,0,0,young
25_variant_0,study_3,18.0,,K666N,1,0,0.0,0,0,1,0,0,0,0,0,young
25_variant_1,study_3,18.0,Female,K666N,1,0,2.3105173713163536,0,0,1,0,0,0,0,0,young
25_variant_2,study_3,18.0,,K666N,1,0,0.0,0,0,1,0,0,0,0,0,young
26_variant_0,study_3,43.896792930542944,0.0,K666N,1,0,1.0214147100066437,0,0,1,0,0,0,0,0,middle
26_variant_1,study_3,50.41105225590037,0.0,K666N,1,0,2.2344507238703386,1,0,1,0,0,0,0,0,middle
26_variant_2,study_3,45.364887153958726,Female,K666N,1,0,0.0,0,0,1,0,0,0,0,0,middle
27_variant_0,study_3,89.37563324892817,0.0,K666N,1,0,0.0,1,0,1,0,0,0,0,0,very_elderly
27_variant_1,study_3,88.13328850528116,0.0,K666N,1,0,0.0,0,0,1,0,0,0,0,0,very_elderly
28_variant_0,study_3,38.72976410045938,0.0,K666N,1,0,0.0,0,0,1,0,0,0,0,0,middle
28_variant_1,study_3,44.03491652946869,0.0,K666N,1,0,0.0,0,0,1,0,0,0,0,0,middle
29_variant_0,study_3,64.83299468736527,1.0,K666N,1,0,0.0,0,0,1,0,0,0,0,0,elderly
29_variant_1,study_3,60.34695639031834,1.0,K666N,1,0,5.693884259935951,0,0,1,0,0,0,0,0,elderly
29_variant_2,study_3,64.91643642146299,1.0,K666N,1,0,0.30501920816379524,0,0,1,0,0,0,0,0,elderly
30_variant_0,study_3,27.76612822802056,1.0,K666N,1,0,4.9201177228154505,0,0,1,0,0,0,0,0,young
30_variant_1,study_3,24.97306152047002,Female,K666N,1,0,0.0,1,0,1,0,0,0,0,0,young
31_variant_0,study_3,38.474332620500206,,K666N,1,0,3.958313469814679,0,0,1,0,0,0,0,0,middle
31_variant_1,study_3,34.963259681459256,Female,K666N,1,0,0.0,0,0,1,0,0,0,0,0,middle
31_variant_2,study_3,37.925359200253254,,K666N,1,0,0.0,1,0,1,0,0,0,0,0,middle
32_variant_0,study_4,18.0,0.0,L790F,1,0,0.613652179002395,1,1,0,1,1,1,0,0,young
32_variant_1,study_4,18.658605898388128,0.0,L790F,1,0,0.0,1,1,0,1,1,1,0,0,young
32_variant_2,study_4,19.182077389540904,0.0,L790F,1,0,1.387426258109698,1,0,0,1,1,1,0,0,young
33_variant_0,study_4,18.0,Female,L790F,1,1,29.800556831240858,0,0,0,0,1,1,0,0,young
33_variant_1,study_4,18.0,1.0,L790F,1,1,30.85016140271336,1,0,0,0,1,1,0,0,young
34_variant_0,study_4,18.0,1.0,L790F,1,0,1.425463151952389,0,0,0,0,0,1,0,0,young
34_variant_1,study_4,18.0,1.0,L790F,1,1,14.66586682372176,1,0,0,0,0,1,0,0,young
35_variant_0,study_4,23.07043197513334,1.0,L790F,1,0,2.9938976405708186,0,0,0,0,0,1,0,0,young
35_variant_1,study_4,21.67227744543125,Female,L790F,1,0,5.062962003908974,0,0,0,0,0,1,0,0,young
35_variant_2,study_4,21.073530522776828,1.0,L790F,1,0,7.489991456227249,0,0,0,0,0,1,0,0,young
36_variant_0,study_4,18.0,1.0,Y791F,1,0,4.491500114960851,0,0,0,0,1,1,0,0,young
36_variant_1,study_4,18.0,1.0,Y791F,1,0,4.996976593752075,0,0,0,0,1,1,0,0,young
37_variant_0,study_4,19.52682812523769,0.0,Y791F,1,0,0.0,0,0,0,0,0,1,0,0,young
37_variant_1,study_4,18.0,0.0,Y791F,1,0,1.8123822940265102,0,0,0,0,0,1,0,0,young
37_variant_2,study_4,22.225889049588396,0.0,Y791F,1,0,7.383293127148145,0,0,0,0,0,1,0,0,young
38_variant_0,study_4,20.304807697470522,0.0,V804M,1,0,0.9479246008029445,0,0,0,0,0,1,0,0,young
38_variant_1,study_4,25.02184575386508,0.0,V804M,1,0,0.0,0,0,0,0,0,1,0,0,young
38_variant_2,study_4,27.460595616023603,0.0,V804M,1,0,0.0,1,1,0,0,0,1,0,0,young
39_variant_0,study_4,30.674114007733433,1.0,V804M,1,0,0.0,0,0,0,0,0,1,0,0,middle
39_variant_1,study_4,35.548699968801685,1.0,V804M,1,0,1.5622924054897371,0,0,0,0,0,1,0,0,middle
40_variant_0,study_4,26.781143691711943,0.0,S891A,1,0,0.0,1,0,0,0,0,1,0,0,young
40_variant_1,study_4,30.00784622856248,Female,S891A,1,0,2.472046436249144,1,1,0,0,0,1,0,0,young
41_variant_0,study_4,22.653455926567567,1.0,S891A,1,0,0.5783731714642933,0,0,0,0,0,1,0,0,young
41_variant_1,study_4,24.18224377464596,1.0,S891A,1,1,8.776704212216021,0,0,0,0,0,1,0,0,young
41_variant_2,study_4,19.936127848755444,1.0,S891A,1,0,6.8431577876617435,1,0,0,0,0,1,0,0,young
42_variant_0,study_4,35.16221262278146,0.0,C634R,3,0,1.201755780387388,1,1,1,1,1,1,0,0,middle
42_variant_1,study_4,36.08050700640655,0.0,C634R,3,1,8.592996870068431,0,0,1,1,1,1,0,0,middle
42_variant_2,study_4,35.660222986410865,0.0,C634R,3,0,0.0,0,0,1,1,1,1,0,0,middle
43_variant_0,study_4,41.95584522409519,1.0,C634R,3,0,3.9820271484816328,1,0,1,1,1,1,0,0,middle
43_variant_1,study_4,35.79767369988037,1.0,C634R,3,0,0.0,1,1,1,1,1,1,0,0,middle
43_variant_2,study_4,38.69624428545866,1.0,C634R,3,0,2.4383663746164688,0,0,1,1,1,1,0,0,middle
44_variant_0,study_4,35.403338638623126,0.0,C634Y,3,1,18.075321907894974,1,0,1,1,1,1,0,0,middle
44_variant_1,study_4,30.159126615294234,Female,C634Y,3,1,11.49198337129,1,0,1,1,1,1,0,0,middle
45_variant_0,study_4,22.339052083958453,,C634Y,3,0,0.0,0,0,1,0,0,1,0,0,young
45_variant_1,study_4,21.900823476022243,,C634Y,3,0,4.46989955367111,0,0,1,0,0,1,0,0,young
45_variant_2,study_4,23.66301585092751,,C634Y,3,0,2.295152002333885,0,0,1,0,0,1,0,0,young
46_variant_0,study_4,47.07125444599324,1.0,C634Y,3,1,27.778179883406192,1,0,1,1,1,1,0,0,middle
46_variant_1,study_4,52.34218831443567,Female,C634Y,3,1,27.462398941717925,1,1,1,1,1,1,0,0,middle
47_variant_0,study_4,18.0,0.0,C634Y,3,0,4.843115781522106,1,0,1,0,0,1,0,0,young
47_variant_1,study_4,18.0,0.0,C634Y,3,0,1.0173181793361155,0,0,1,0,0,1,0,0,young
48_variant_0,study_4,41.568799343854245,Female,C634Y,3,0,1.1166807934817764,0,0,1,0,0,1,0,0,middle
48_variant_1,study_4,35.89234664863951,1.0,C634Y,3,0,0.0,0,0,1,0,0,1,0,0,middle
48_variant_2,study_4,37.1056841919411,1.0,C634Y,3,1,10.864211476866528,0,0,1,0,0,1,0,0,middle
49_variant_0,study_4,26.678486323379424,1.0,C634W,3,1,7.9101909148189,1,0,1,0,0,1,0,0,young
49_variant_1,study_4,30.778532642594925,1.0,C634W,3,1,9.547083202350652,0,0,1,0,0,1,0,0,young
50_variant_0,study_4,18.0,0.0,C634W,3,0,0.0,0,0,1,0,0,1,0,0,young
50_variant_1,study_4,18.0,0.0,C634W,3,0,4.5393597362121385,1,0,1,0,0,1,0,0,young
51_variant_0,study_4,50.502751562873144,1.0,C634W,3,0,0.0,1,0,0,1,1,1,1,0,middle
51_variant_1,study_4,51.79903642116505,1.0,C634W,3,0,0.0,1,0,0,1,1,1,1,0,middle
51_variant_2,study_4,44.117372686350514,1.0,C634W,3,0,0.24042473330690997,1,1,0,1,1,1,1,0,middle
52_variant_0,study_4,29.29275659582707,0.0,C634W,3,0,0.053990824048499655,0,0,1,0,0,1,0,0,young
52_variant_1,study_4,24.75609003052053,0.0,C634W,3,0,0.0,0,0,1,0,0,1,0,0,young
53_variant_0,study_4,44.01887842764332,1.0,C634Y,3,1,77.11554065238425,1,0,1,1,1,1,0,0,middle
53_variant_1,study_4,38.8299827526463,1.0,C634Y,3,1,92.16924039201209,1,0,1,1,1,1,0,0,middle
53_variant_2,study_4,42.11343762011393,1.0,C634Y,3,1,76.9800740664209,1,1,1,1,1,1,0,0,middle
54_variant_0,study_4,18.0,0.0,C634Y,3,0,2.4864588891538757,0,0,1,0,0,1,0,0,young
54_variant_1,study_4,18.0,0.0,C634Y,3,0,2.2935508577950636,0,0,1,0,0,1,0,0,young
54_variant_2,study_4,18.0,0.0,C634Y,3,0,3.0405694560916667,0,0,1,0,0,1,0,0,young
55_variant_0,study_4,18.0,1.0,C634Y,3,0,0.0,0,0,1,0,0,1,0,0,young
55_variant_1,study_4,18.0,1.0,C634Y,3,1,8.382186561376413,0,0,1,0,0,1,0,0,young
55_variant_2,study_4,18.0,1.0,C634Y,3,0,0.0,0,0,1,0,0,1,0,0,young
56_variant_0,study_4,46.39794452089267,0.0,C634Y,3,1,106.17604306522274,1,1,0,1,1,1,0,0,elderly
56_variant_1,study_4,51.961767548534894,0.0,C634Y,3,1,115.27197607924558,1,0,0,1,1,1,0,0,elderly
57_variant_0,study_4,18.0,0.0,C634Y,3,0,0.0,1,0,1,0,0,1,0,0,young
57_variant_1,study_4,21.436939477239175,0.0,C634Y,3,0,1.6683105264347415,0,0,1,0,0,1,0,0,young
58_variant_0,study_4,51.6617214123674,1.0,C634Y,3,1,119.01742699583995,1,0,0,1,1,1,0,0,elderly
58_variant_1,study_4,46.28120627584697,1.0,C634Y,3,1,128.07230880016044,1,0,0,1,1,1,0,0,elderly
59_variant_0,study_4,25.103345761714444,0.0,C634Y,3,0,1.404821604590996,1,0,1,0,0,1,0,0,young
59_variant_1,study_4,24.663839253287165,0.0,C634Y,3,0,7.480221557445915,0,0,1,0,0,1,0,0,young
59_variant_2,study_4,30.83990587895946,0.0,C634Y,3,0,0.0,0,0,1,0,0,1,0,0,young
60_variant_0,study_4,41.93006179316221,0.0,C634R,3,1,257.82352292466766,0,0,0,1,1,1,0,0,middle
60_variant_1,study_4,43.61491194190224,0.0,C634R,3,1,253.36212509447546,1,1,0,1,1,1,0,0,middle
61_variant_0,study_4,18.0,0.0,C634R,3,0,0.0,0,0,1,0,0,1,0,0,young
61_variant_1,study_4,20.167174736866084,0.0,C634R,3,0,5.470957592354742,0,0,1,0,0,1,0,0,young
61_variant_2,study_4,19.525976304263033,0.0,C634R,3,0,0.0,1,0,1,0,0,1,0,0,young
62_variant_0,study_4,18.0,0.0,C634R,3,0,0.0,0,0,1,0,0,1,0,0,young
62_variant_1,study_4,18.0,0.0,C634R,3,0,0.0,1,0,1,0,0,1,0,0,young
63_variant_0,study_4,48.98003963610629,0.0,C634Y,3,1,193.40427477399027,0,0,0,1,1,1,0,0,middle
63_variant_1,study_4,52.24137960701605,0.0,C634Y,3,1,190.77547379851953,1,0,0,1,1,1,0,0,middle
63_variant_2,study_4,48.193333928335505,Female,C634Y,3,1,194.46737045629166,0,0,0,1,1,1,0,0,middle
64_variant_0,study_4,18.0,0.0,C634Y,3,0,0.0,0,0,1,0,0,1,0,0,young
64_variant_1,study_4,18.0,0.0,C634Y,3,0,5.644443715234537,0,0,1,0,0,1,0,0,young
65_variant_0,study_4,36.709780519071,Female,C618S,2,1,24.464477726999892,0,0,0,1,1,1,0,0,young
65_variant_1,study_4,33.16574680712086,1.0,C618S,2,1,16.703243214753137,1,0,0,1,1,1,0,0,young
66_variant_0,study_4,18.0,Female,C618S,2,0,0.0,0,0,1,0,0,1,0,0,young
66_variant_1,study_4,18.0,0.0,C618S,2,0,0.0,0,0,1,0,0,1,0,0,young
67_variant_0,study_4,32.45594798968136,1.0,C634R,3,1,39.736664288632646,1,1,0,1,1,1,0,0,middle
67_variant_1,study_4,33.165016192129706,Female,C634R,3,1,37.95474114391386,1,0,0,1,1,1,0,0,middle
68_variant_0,study_4,18.0,1.0,C634R,3,0,4.891464910581288,0,0,1,0,0,1,0,0,young
68_variant_1,study_4,18.0,1.0,C634R,3,0,0.307843103127255,0,0,1,0,0,1,0,0,young
69_variant_0,study_4,32.75681001720031,0.0,C630R,2,1,78.07967803472133,0,0,0,1,1,1,0,0,middle
69_variant_1,study_4,36.978399066726354,0.0,C630R,2,1,68.74443211807349,0,0,0,1,1,1,0,0,middle
69_variant_2,study_4,34.43183093844288,0.0,C630R,2,1,80.24504612918444,1,0,0,1,1,1,0,0,middle
70_variant_0,study_4,18.0,0.0,C630R,2,0,5.078434725317421,0,0,1,0,0,1,0,0,young
70_variant_1,study_4,18.0,0.0,C630R,2,0,2.361983214196791,0,0,1,0,0,1,0,0,young
70_variant_2,study_4,18.0,0.0,C630R,2,0,0.0,0,0,1,0,0,1,0,0,young
71_variant_0,study_4,18.0,0.0,C630R,2,0,0.0,0,0,1,0,0,1,0,0,young
71_variant_1,study_4,18.0,0.0,C630R,2,0,3.716320470113575,0,0,1,0,0,1,0,0,young
71_variant_2,study_4,18.0,0.0,C630R,2,0,1.7379085268083552,1,1,1,0,0,1,0,0,young
72_variant_0,study_4,29.04023793592299,1.0,C634R,3,1,41.63396579840235,1,0,0,1,1,1,0,0,young
72_variant_1,study_4,30.43285079899583,1.0,C634R,3,1,40.89575619667432,1,1,0,1,1,1,0,0,young
72_variant_2,study_4,27.734128587413693,1.0,C634R,3,1,36.4172708761228,1,0,0,1,1,1,0,0,young
73_variant_0,study_4,33.5256955297894,0.0,C634R,3,0,4.032966239568434,0,0,1,0,0,1,0,0,middle
73_variant_1,study_4,32.955960741109486,0.0,C634R,3,0,0.992791814481459,1,0,1,0,0,1,0,0,middle
73_variant_2,study_4,31.23030026166729,0.0,C634R,3,0,0.0,1,0,1,0,0,1,0,0,middle
74_variant_0,study_4,45.55961667904995,1.0,C620Y,2,1,18.708382886595047,1,1,0,1,1,1,0,0,middle
74_variant_1,study_4,40.30412562276194,1.0,C620Y,2,1,20.026133885646736,0,0,0,1,1,1,0,0,middle
74_variant_2,study_4,42.55963223061112,1.0,C620Y,2,1,30.792344308674167,1,0,0,1,1,1,0,0,middle
75_variant_0,study_4,18.0,0.0,C620Y,2,1,9.062242789984644,0,0,1,0,0,1,0,0,young
75_variant_1,study_4,18.0,0.0,C620Y,2,0,4.862772248133649,0,0,1,0,0,1,0,0,young
76_variant_0,study_4,40.95716815047069,0.0,C630R,2,1,9.027677259308891,0,0,0,1,1,1,0,0,middle
76_variant_1,study_4,38.65252371708068,Female,C630R,2,1,21.72935642413842,0,0,0,1,1,1,0,0,middle
77_variant_0,study_4,18.0,0.0,C630R,2,0,3.093309798549661,0,0,1,0,0,1,0,0,young
77_variant_1,study_4,18.0,0.0,C630R,2,0,3.1647081689673255,1,0,1,0,0,1,0,0,young
mtc_s0,,22.0,0,K666N,1,1,47.135709206947446,1,1,0,1,1,0,0,0,young
mtc_s1,,33.0,1,K666N,1,1,40.853520563674024,1,1,1,1,1,0,0,0,middle
mtc_s2,,49.0,1,C634W,3,0,1.3273222606118344,1,1,0,1,1,0,0,0,middle
mtc_s3,,55.0,1,C634Y,3,1,41.36893894667421,1,1,0,1,1,0,0,0,elderly
mtc_s4,,64.0,0,C634Y,3,1,21.58434154360127,1,0,0,1,1,0,0,0,elderly
mtc_s5,,70.0,1,C634R,3,0,0.47487662879254045,0,0,1,1,1,0,0,0,elderly
16,study_3,57.0,0.0,K666N,1,1,26.0,0,0,1,0,0,0,0,0,elderly
23,study_3,58.0,1.0,K666N,1,0,0.0,0,0,1,0,0,0,0,0,elderly
29,study_3,61.0,1.0,K666N,1,0,0.2,0,0,1,0,0,0,0,0,elderly
28,study_3,39.0,0.0,K666N,1,0,0.2,0,0,1,0,0,0,0,0,middle
48,study_4,38.0,1.0,C634Y,3,0,0.0,0,0,1,0,0,1,0,0,middle
5,study_2,42.0,0.0,K666N,1,1,5.2,1,0,1,0,0,0,0,0,middle
16,study_3,57.0,0.0,K666N,1,1,26.0,0,0,1,0,0,0,0,0,elderly
23,study_3,58.0,1.0,K666N,1,0,0.0,0,0,1,0,0,0,0,0,elderly
8_control,,43.881198819530795,0.0,K666N,1,0,6.940214436792388,0,0,0,0,0,0,0,0,elderly
59,study_4,30.0,0.0,C634Y,3,0,0.0,0,0,1,0,0,1,0,0,young
21,study_3,30.0,0.0,K666N,1,0,0.0,0,0,1,0,0,0,0,0,young
39,study_4,31.0,1.0,V804M,1,0,0.0,0,0,0,0,0,1,0,0,middle
39,study_4,31.0,1.0,V804M,1,0,0.0,0,0,0,0,0,1,0,0,middle
20,study_3,30.0,0.0,K666N,1,0,0.0,0,0,1,0,0,0,0,0,young
59,study_4,30.0,0.0,C634Y,3,0,0.0,0,0,1,0,0,1,0,0,young
29,study_3,61.0,1.0,K666N,1,0,0.2,0,0,1,0,0,0,0,0,elderly
11_control,,53.881198819530795,0.0,K666N,1,0,6.940214436792388,0,0,0,0,0,0,0,0,elderly
11_control,,53.881198819530795,0.0,K666N,1,0,6.940214436792388,0,0,0,0,0,0,0,0,elderly
16,study_3,57.0,0.0,K666N,1,1,26.0,0,0,1,0,0,0,0,0,elderly
23,study_3,58.0,1.0,K666N,1,0,0.0,0,0,1,0,0,0,0,0,elderly
29,study_3,61.0,1.0,K666N,1,0,0.2,0,0,1,0,0,0,0,0,elderly
16,study_3,57.0,0.0,K666N,1,1,26.0,0,0,1,0,0,0,0,0,elderly
23,study_3,58.0,1.0,K666N,1,0,0.0,0,0,1,0,0,0,0,0,elderly
29,study_3,61.0,1.0,K666N,1,0,0.2,0,0,1,0,0,0,0,0,elderly
29,study_3,61.0,1.0,K666N,1,0,0.2,0,0,1,0,0,0,0,0,elderly
14_control,,53.881198819530795,0.0,K666N,1,0,6.940214436792388,0,0,0,0,0,0,0,0,elderly
14_control,,53.881198819530795,0.0,K666N,1,0,6.940214436792388,0,0,0,0,0,0,0,0,elderly
29,study_3,61.0,1.0,K666N,1,0,0.2,0,0,1,0,0,0,0,0,elderly
15_control,,52.881198819530795,0.0,K666N,1,0,6.940214436792388,0,0,0,0,0,0,0,0,elderly
15_control,,52.881198819530795,0.0,K666N,1,0,6.940214436792388,0,0,0,0,0,0,0,0,elderly
17_control,,58.881198819530795,0.0,K666N,1,0,6.940214436792388,0,0,0,0,0,0,0,0,elderly
17_control,,58.881198819530795,0.0,K666N,1,0,6.940214436792388,0,0,0,0,0,0,0,0,elderly
17_control,,58.881198819530795,0.0,K666N,1,0,6.940214436792388,0,0,0,0,0,0,0,0,elderly
1,study_1,21.0,0.0,K666N,1,0,0.2,0,0,1,0,0,0,0,0,young
70,study_4,12.0,0.0,C630R,2,0,0.0,0,0,1,0,0,1,0,0,young
64,study_4,17.0,0.0,C634Y,3,0,0.0,0,0,1,0,0,1,0,0,young
21,study_3,30.0,0.0,K666N,1,0,0.0,0,0,1,0,0,0,0,0,young
48,study_4,38.0,1.0,C634Y,3,0,0.0,0,0,1,0,0,1,0,0,middle
20,study_3,30.0,0.0,K666N,1,0,0.0,0,0,1,0,0,0,0,0,young
6,study_2,46.0,1.0,K666N,1,1,17.3,1,0,0,0,0,0,0,0,middle
48,study_4,38.0,1.0,C634Y,3,0,0.0,0,0,1,0,0,1,0,0,middle
26,study_3,47.0,0.0,K666N,1,0,0.0,0,0,1,0,0,0,0,0,middle
59,study_4,30.0,0.0,C634Y,3,0,0.0,0,0,1,0,0,1,0,0,young
21,study_3,30.0,0.0,K666N,1,0,0.0,0,0,1,0,0,0,0,0,young
39,study_4,31.0,1.0,V804M,1,0,0.0,0,0,0,0,0,1,0,0,middle
5,study_2,42.0,0.0,K666N,1,1,5.2,1,0,1,0,0,0,0,0,middle
6,study_2,46.0,1.0,K666N,1,1,17.3,1,0,0,0,0,0,0,0,middle
26,study_3,47.0,0.0,K666N,1,0,0.0,0,0,1,0,0,0,0,0,middle
6,study_2,46.0,1.0,K666N,1,1,17.3,1,0,0,0,0,0,0,0,middle
26,study_3,47.0,0.0,K666N,1,0,0.0,0,0,1,0,0,0,0,0,middle
51_control,,37.881198819530795,1.0,C634W,3,0,6.940214436792388,0,0,0,0,0,0,0,0,middle
6,study_2,46.0,1.0,K666N,1,1,17.3,1,0,0,0,0,0,0,0,middle
48,study_4,38.0,1.0,C634Y,3,0,0.0,0,0,1,0,0,1,0,0,middle
5,study_2,42.0,0.0,K666N,1,1,5.2,1,0,1,0,0,0,0,0,middle
16,study_3,57.0,0.0,K666N,1,1,26.0,0,0,1,0,0,0,0,0,elderly
26,study_3,47.0,0.0,K666N,1,0,0.0,0,0,1,0,0,0,0,0,middle
56_control,,40.881198819530795,0.0,C634Y,3,0,6.940214436792388,0,0,0,0,0,0,0,0,elderly
16,study_3,57.0,0.0,K666N,1,1,26.0,0,0,1,0,0,0,0,0,elderly
23,study_3,58.0,1.0,K666N,1,0,0.0,0,0,1,0,0,0,0,0,elderly
58_control,,42.881198819530795,1.0,C634Y,3,0,6.940214436792388,0,0,0,0,0,0,0,0,elderly
28,study_3,39.0,0.0,K666N,1,0,0.2,0,0,1,0,0,0,0,0,middle
48,study_4,38.0,1.0,C634Y,3,0,0.0,0,0,1,0,0,1,0,0,middle
5,study_2,42.0,0.0,K666N,1,1,5.2,1,0,1,0,0,0,0,0,middle
6,study_2,46.0,1.0,K666N,1,1,17.3,1,0,0,0,0,0,0,0,middle
26,study_3,47.0,0.0,K666N,1,0,0.0,0,0,1,0,0,0,0,0,middle
63_control,,37.881198819530795,0.0,C634Y,3,0,6.940214436792388,0,0,0,0,0,0,0,0,middle
59,study_4,30.0,0.0,C634Y,3,0,0.0,0,0,1,0,0,1,0,0,young
49,study_4,28.0,1.0,C634W,3,0,0.0,0,0,1,0,0,1,0,0,young
0,study_1,24.0,0.0,K666N,1,0,0.2,0,0,0,0,0,0,0,0,young
39,study_4,31.0,1.0,V804M,1,0,0.0,0,0,0,0,0,1,0,0,middle
20,study_3,30.0,0.0,K666N,1,0,0.0,0,0,1,0,0,0,0,0,young
59,study_4,30.0,0.0,C634Y,3,0,0.0,0,0,1,0,0,1,0,0,young
31,study_3,35.0,,K666N,1,0,0.0,0,0,1,0,0,0,0,0,middle
73,study_4,34.0,0.0,C634R,3,0,0.0,0,0,1,0,0,1,0,0,middle
39,study_4,31.0,1.0,V804M,1,0,0.0,0,0,0,0,0,1,0,0,middle
0,study_1,24.0,0.0,K666N,1,0,0.2,0,0,0,0,0,0,0,0,young
20,study_3,30.0,0.0,K666N,1,0,0.0,0,0,1,0,0,0,0,0,young
38,study_4,24.0,0.0,V804M,1,0,0.0,0,0,0,0,0,1,0,0,young
6,study_2,46.0,1.0,K666N,1,1,17.3,1,0,0,0,0,0,0,0,middle
28,study_3,39.0,0.0,K666N,1,0,0.2,0,0,1,0,0,0,0,0,middle
5,study_2,42.0,0.0,K666N,1,1,5.2,1,0,1,0,0,0,0,0,middle
28,study_3,39.0,0.0,K666N,1,0,0.2,0,0,1,0,0,0,0,0,middle
73,study_4,34.0,0.0,C634R,3,0,0.0,0,0,1,0,0,1,0,0,middle
31,study_3,35.0,,K666N,1,0,0.0,0,0,1,0,0,0,0,0,middle
33_control,,18.0,1.0,L790F,1,0,6.940214436792388,0,0,0,0,0,0,0,0,young
33_control,,18.0,1.0,L790F,1,0,6.940214436792388,0,0,0,0,0,0,0,0,young
33_control,,18.0,1.0,L790F,1,0,6.940214436792388,0,0,0,0,0,0,0,0,young
33_control,,18.0,1.0,L790F,1,0,6.940214436792388,0,0,0,0,0,0,0,0,young
33_control,,18.0,1.0,L790F,1,0,6.940214436792388,0,0,0,0,0,0,0,0,young
33_control,,18.0,1.0,L790F,1,0,6.940214436792388,0,0,0,0,0,0,0,0,young
33_control,,18.0,1.0,L790F,1,0,6.940214436792388,0,0,0,0,0,0,0,0,young
33_control,,18.0,1.0,L790F,1,0,6.940214436792388,0,0,0,0,0,0,0,0,young
33_control,,18.0,1.0,L790F,1,0,6.940214436792388,0,0,0,0,0,0,0,0,young
33_control,,18.0,1.0,L790F,1,0,6.940214436792388,0,0,0,0,0,0,0,0,young
33_control,,18.0,1.0,L790F,1,0,6.940214436792388,0,0,0,0,0,0,0,0,young
33_control,,18.0,1.0,L790F,1,0,6.940214436792388,0,0,0,0,0,0,0,0,young
33_control,,18.0,1.0,L790F,1,0,6.940214436792388,0,0,0,0,0,0,0,0,young
33_control,,18.0,1.0,L790F,1,0,6.940214436792388,0,0,0,0,0,0,0,0,young
33_control,,18.0,1.0,L790F,1,0,6.940214436792388,0,0,0,0,0,0,0,0,young
33_control,,18.0,1.0,L790F,1,0,6.940214436792388,0,0,0,0,0,0,0,0,young
33_control,,18.0,1.0,L790F,1,0,6.940214436792388,0,0,0,0,0,0,0,0,young
33_control,,18.0,1.0,L790F,1,0,6.940214436792388,0,0,0,0,0,0,0,0,young
33_control,,18.0,1.0,L790F,1,0,6.940214436792388,0,0,0,0,0,0,0,0,young
33_control,,18.0,1.0,L790F,1,0,6.940214436792388,0,0,0,0,0,0,0,0,young
33_control,,18.0,1.0,L790F,1,0,6.940214436792388,0,0,0,0,0,0,0,0,young
33_control,,18.0,1.0,L790F,1,0,6.940214436792388,0,0,0,0,0,0,0,0,young
33_control,,18.0,1.0,L790F,1,0,6.940214436792388,0,0,0,0,0,0,0,0,young
33_control,,18.0,1.0,L790F,1,0,6.940214436792388,0,0,0,0,0,0,0,0,young
33_control,,18.0,1.0,L790F,1,0,6.940214436792388,0,0,0,0,0,0,0,0,young
33_control,,18.0,1.0,L790F,1,0,6.940214436792388,0,0,0,0,0,0,0,0,young
33_control,,18.0,1.0,L790F,1,0,6.940214436792388,0,0,0,0,0,0,0,0,young
33_control,,18.0,1.0,L790F,1,0,6.940214436792388,0,0,0,0,0,0,0,0,young
33_control,,18.0,1.0,L790F,1,0,6.940214436792388,0,0,0,0,0,0,0,0,young
33_control,,18.0,1.0,L790F,1,0,6.940214436792388,0,0,0,0,0,0,0,0,young
33_control,,18.0,1.0,L790F,1,0,6.940214436792388,0,0,0,0,0,0,0,0,young
33_control,,18.0,1.0,L790F,1,0,6.940214436792388,0,0,0,0,0,0,0,0,young
33_control,,18.0,1.0,L790F,1,0,6.940214436792388,0,0,0,0,0,0,0,0,young
33_control,,18.0,1.0,L790F,1,0,6.940214436792388,0,0,0,0,0,0,0,0,young
33_control,,18.0,1.0,L790F,1,0,6.940214436792388,0,0,0,0,0,0,0,0,young
33_control,,18.0,1.0,L790F,1,0,6.940214436792388,0,0,0,0,0,0,0,0,young
33_control,,18.0,1.0,L790F,1,0,6.940214436792388,0,0,0,0,0,0,0,0,young
33_control,,18.0,1.0,L790F,1,0,6.940214436792388,0,0,0,0,0,0,0,0,young
33_control,,18.0,1.0,L790F,1,0,6.940214436792388,0,0,0,0,0,0,0,0,young
33_control,,18.0,1.0,L790F,1,0,6.940214436792388,0,0,0,0,0,0,0,0,young
33_control,,18.0,1.0,L790F,1,0,6.940214436792388,0,0,0,0,0,0,0,0,young
33_control,,18.0,1.0,L790F,1,0,6.940214436792388,0,0,0,0,0,0,0,0,young
33_control,,18.0,1.0,L790F,1,0,6.940214436792388,0,0,0,0,0,0,0,0,young
33_control,,18.0,1.0,L790F,1,0,6.940214436792388,0,0,0,0,0,0,0,0,young
33_control,,18.0,1.0,L790F,1,0,6.940214436792388,0,0,0,0,0,0,0,0,young
33_control,,18.0,1.0,L790F,1,0,6.940214436792388,0,0,0,0,0,0,0,0,young
33_control,,18.0,1.0,L790F,1,0,6.940214436792388,0,0,0,0,0,0,0,0,young
33_control,,18.0,1.0,L790F,1,0,6.940214436792388,0,0,0,0,0,0,0,0,young
33_control,,18.0,1.0,L790F,1,0,6.940214436792388,0,0,0,0,0,0,0,0,young
33_control,,18.0,1.0,L790F,1,0,6.940214436792388,0,0,0,0,0,0,0,0,young
33_control,,18.0,1.0,L790F,1,0,6.940214436792388,0,0,0,0,0,0,0,0,young
33_control,,18.0,1.0,L790F,1,0,6.940214436792388,0,0,0,0,0,0,0,0,young
33_control,,18.0,1.0,L790F,1,0,6.940214436792388,0,0,0,0,0,0,0,0,young
33_control,,18.0,1.0,L790F,1,0,6.940214436792388,0,0,0,0,0,0,0,0,young
33_control,,18.0,1.0,L790F,1,0,6.940214436792388,0,0,0,0,0,0,0,0,young
33_control,,18.0,1.0,L790F,1,0,6.940214436792388,0,0,0,0,0,0,0,0,young
33_control,,18.0,1.0,L790F,1,0,6.940214436792388,0,0,0,0,0,0,0,0,young
33_control,,18.0,1.0,L790F,1,0,6.940214436792388,0,0,0,0,0,0,0,0,young
33_control,,18.0,1.0,L790F,1,0,6.940214436792388,0,0,0,0,0,0,0,0,young
33_control,,18.0,1.0,L790F,1,0,6.940214436792388,0,0,0,0,0,0,0,0,young
33_control,,18.0,1.0,L790F,1,0,6.940214436792388,0,0,0,0,0,0,0,0,young
33_control,,18.0,1.0,L790F,1,0,6.940214436792388,0,0,0,0,0,0,0,0,young
33_control,,18.0,1.0,L790F,1,0,6.940214436792388,0,0,0,0,0,0,0,0,young
33_control,,18.0,1.0,L790F,1,0,6.940214436792388,0,0,0,0,0,0,0,0,young
33_control,,18.0,1.0,L790F,1,0,6.940214436792388,0,0,0,0,0,0,0,0,young
33_control,,18.0,1.0,L790F,1,0,6.940214436792388,0,0,0,0,0,0,0,0,young
33_control,,18.0,1.0,L790F,1,0,6.940214436792388,0,0,0,0,0,0,0,0,young
33_control,,18.0,1.0,L790F,1,0,6.940214436792388,0,0,0,0,0,0,0,0,young
33_control,,18.0,1.0,L790F,1,0,6.940214436792388,0,0,0,0,0,0,0,0,young
33_control,,18.0,1.0,L790F,1,0,6.940214436792388,0,0,0,0,0,0,0,0,young
33_control,,18.0,1.0,L790F,1,0,6.940214436792388,0,0,0,0,0,0,0,0,young
33_control,,18.0,1.0,L790F,1,0,6.940214436792388,0,0,0,0,0,0,0,0,young
33_control,,18.0,1.0,L790F,1,0,6.940214436792388,0,0,0,0,0,0,0,0,young
33_control,,18.0,1.0,L790F,1,0,6.940214436792388,0,0,0,0,0,0,0,0,young
33_control,,18.0,1.0,L790F,1,0,6.940214436792388,0,0,0,0,0,0,0,0,young
33_control,,18.0,1.0,L790F,1,0,6.940214436792388,0,0,0,0,0,0,0,0,young
33_control,,18.0,1.0,L790F,1,0,6.940214436792388,0,0,0,0,0,0,0,0,young
33_control,,18.0,1.0,L790F,1,0,6.940214436792388,0,0,0,0,0,0,0,0,young
33_control,,18.0,1.0,L790F,1,0,6.940214436792388,0,0,0,0,0,0,0,0,young
33_control,,18.0,1.0,L790F,1,0,6.940214436792388,0,0,0,0,0,0,0,0,young
33_control,,18.0,1.0,L790F,1,0,6.940214436792388,0,0,0,0,0,0,0,0,young
33_control,,18.0,1.0,L790F,1,0,6.940214436792388,0,0,0,0,0,0,0,0,young
33_control,,18.0,1.0,L790F,1,0,6.940214436792388,0,0,0,0,0,0,0,0,young
33_control,,18.0,1.0,L790F,1,0,6.940214436792388,0,0,0,0,0,0,0,0,young
33_control,,18.0,1.0,L790F,1,0,6.940214436792388,0,0,0,0,0,0,0,0,young
33_control,,18.0,1.0,L790F,1,0,6.940214436792388,0,0,0,0,0,0,0,0,young
33_control,,18.0,1.0,L790F,1,0,6.940214436792388,0,0,0,0,0,0,0,0,young
33_control,,18.0,1.0,L790F,1,0,6.940214436792388,0,0,0,0,0,0,0,0,young
33_control,,18.0,1.0,L790F,1,0,6.940214436792388,0,0,0,0,0,0,0,0,young
33_control,,18.0,1.0,L790F,1,0,6.940214436792388,0,0,0,0,0,0,0,0,young
33_control,,18.0,1.0,L790F,1,0,6.940214436792388,0,0,0,0,0,0,0,0,young
33_control,,18.0,1.0,L790F,1,0,6.940214436792388,0,0,0,0,0,0,0,0,young
33_control,,18.0,1.0,L790F,1,0,6.940214436792388,0,0,0,0,0,0,0,0,young
33_control,,18.0,1.0,L790F,1,0,6.940214436792388,0,0,0,0,0,0,0,0,young
33_control,,18.0,1.0,L790F,1,0,6.940214436792388,0,0,0,0,0,0,0,0,young
33_control,,18.0,1.0,L790F,1,0,6.940214436792388,0,0,0,0,0,0,0,0,young
33_control,,18.0,1.0,L790F,1,0,6.940214436792388,0,0,0,0,0,0,0,0,young
33_control,,18.0,1.0,L790F,1,0,6.940214436792388,0,0,0,0,0,0,0,0,young
33_control,,18.0,1.0,L790F,1,0,6.940214436792388,0,0,0,0,0,0,0,0,young
33_control,,18.0,1.0,L790F,1,0,6.940214436792388,0,0,0,0,0,0,0,0,young
33_control,,18.0,1.0,L790F,1,0,6.940214436792388,0,0,0,0,0,0,0,0,young
33_control,,18.0,1.0,L790F,1,0,6.940214436792388,0,0,0,0,0,0,0,0,young
33_control,,18.0,1.0,L790F,1,0,6.940214436792388,0,0,0,0,0,0,0,0,young
33_control,,18.0,1.0,L790F,1,0,6.940214436792388,0,0,0,0,0,0,0,0,young
33_control,,18.0,1.0,L790F,1,0,6.940214436792388,0,0,0,0,0,0,0,0,young
33_control,,18.0,1.0,L790F,1,0,6.940214436792388,0,0,0,0,0,0,0,0,young
33_control,,18.0,1.0,L790F,1,0,6.940214436792388,0,0,0,0,0,0,0,0,young
33_control,,18.0,1.0,L790F,1,0,6.940214436792388,0,0,0,0,0,0,0,0,young
33_control,,18.0,1.0,L790F,1,0,6.940214436792388,0,0,0,0,0,0,0,0,young
33_control,,18.0,1.0,L790F,1,0,6.940214436792388,0,0,0,0,0,0,0,0,young
33_control,,18.0,1.0,L790F,1,0,6.940214436792388,0,0,0,0,0,0,0,0,young
33_control,,18.0,1.0,L790F,1,0,6.940214436792388,0,0,0,0,0,0,0,0,young
33_control,,18.0,1.0,L790F,1,0,6.940214436792388,0,0,0,0,0,0,0,0,young
33_control,,18.0,1.0,L790F,1,0,6.940214436792388,0,0,0,0,0,0,0,0,young
33_control,,18.0,1.0,L790F,1,0,6.940214436792388,0,0,0,0,0,0,0,0,young
33_control,,18.0,1.0,L790F,1,0,6.940214436792388,0,0,0,0,0,0,0,0,young
33_control,,18.0,1.0,L790F,1,0,6.940214436792388,0,0,0,0,0,0,0,0,young
33_control,,18.0,1.0,L790F,1,0,6.940214436792388,0,0,0,0,0,0,0,0,young
33_control,,18.0,1.0,L790F,1,0,6.940214436792388,0,0,0,0,0,0,0,0,young
33_control,,18.0,1.0,L790F,1,0,6.940214436792388,0,0,0,0,0,0,0,0,young
33_control,,18.0,1.0,L790F,1,0,6.940214436792388,0,0,0,0,0,0,0,0,young
33_control,,18.0,1.0,L790F,1,0,6.940214436792388,0,0,0,0,0,0,0,0,young
33_control,,18.0,1.0,L790F,1,0,6.940214436792388,0,0,0,0,0,0,0,0,young
33_control,,18.0,1.0,L790F,1,0,6.940214436792388,0,0,0,0,0,0,0,0,young
33_control,,18.0,1.0,L790F,1,0,6.940214436792388,0,0,0,0,0,0,0,0,young
33_control,,18.0,1.0,L790F,1,0,6.940214436792388,0,0,0,0,0,0,0,0,young
33_control,,18.0,1.0,L790F,1,0,6.940214436792388,0,0,0,0,0,0,0,0,young
33_control,,18.0,1.0,L790F,1,0,6.940214436792388,0,0,0,0,0,0,0,0,young
33_control,,18.0,1.0,L790F,1,0,6.940214436792388,0,0,0,0,0,0,0,0,young
33_control,,18.0,1.0,L790F,1,0,6.940214436792388,0,0,0,0,0,0,0,0,young
33_control,,18.0,1.0,L790F,1,0,6.940214436792388,0,0,0,0,0,0,0,0,young
33_control,,18.0,1.0,L790F,1,0,6.940214436792388,0,0,0,0,0,0,0,0,young
33_control,,18.0,1.0,L790F,1,0,6.940214436792388,0,0,0,0,0,0,0,0,young
33_control,,18.0,1.0,L790F,1,0,6.940214436792388,0,0,0,0,0,0,0,0,young
33_control,,18.0,1.0,L790F,1,0,6.940214436792388,0,0,0,0,0,0,0,0,young
33_control,,18.0,1.0,L790F,1,0,6.940214436792388,0,0,0,0,0,0,0,0,young
33_control,,18.0,1.0,L790F,1,0,6.940214436792388,0,0,0,0,0,0,0,0,young
33_control,,18.0,1.0,L790F,1,0,6.940214436792388,0,0,0,0,0,0,0,0,young
33_control,,18.0,1.0,L790F,1,0,6.940214436792388,0,0,0,0,0,0,0,0,young
33_control,,18.0,1.0,L790F,1,0,6.940214436792388,0,0,0,0,0,0,0,0,young
33_control,,18.0,1.0,L790F,1,0,6.940214436792388,0,0,0,0,0,0,0,0,young
33_control,,18.0,1.0,L790F,1,0,6.940214436792388,0,0,0,0,0,0,0,0,young
33_control,,18.0,1.0,L790F,1,0,6.940214436792388,0,0,0,0,0,0,0,0,young
33_control,,18.0,1.0,L790F,1,0,6.940214436792388,0,0,0,0,0,0,0,0,young
33_control,,18.0,1.0,L790F,1,0,6.940214436792388,0,0,0,0,0,0,0,0,young
33_control,,18.0,1.0,L790F,1,0,6.940214436792388,0,0,0,0,0,0,0,0,young
33_control,,18.0,1.0,L790F,1,0,6.940214436792388,0,0,0,0,0,0,0,0,young
33_control,,18.0,1.0,L790F,1,0,6.940214436792388,0,0,0,0,0,0,0,0,young
33_control,,18.0,1.0,L790F,1,0,6.940214436792388,0,0,0,0,0,0,0,0,young
33_control,,18.0,1.0,L790F,1,0,6.940214436792388,0,0,0,0,0,0,0,0,young
33_control,,18.0,1.0,L790F,1,0,6.940214436792388,0,0,0,0,0,0,0,0,young
33_control,,18.0,1.0,L790F,1,0,6.940214436792388,0,0,0,0,0,0,0,0,young
33_control,,18.0,1.0,L790F,1,0,6.940214436792388,0,0,0,0,0,0,0,0,young
33_control,,18.0,1.0,L790F,1,0,6.940214436792388,0,0,0,0,0,0,0,0,young
33_control,,18.0,1.0,L790F,1,0,6.940214436792388,0,0,0,0,0,0,0,0,young
33_control,,18.0,1.0,L790F,1,0,6.940214436792388,0,0,0,0,0,0,0,0,young
mtc_s0_control,,18.0,0,K666N,1,0,6.940214436792388,0,0,0,0,0,0,0,0,young
mtc_s0_control,,18.0,0,K666N,1,0,6.940214436792388,0,0,0,0,0,0,0,0,young
mtc_s1_control,,21.881198819530795,1,K666N,1,0,6.940214436792388,0,0,0,0,0,0,0,0,middle
mtc_s1_control,,21.881198819530795,1,K666N,1,0,6.940214436792388,0,0,0,0,0,0,0,0,middle
mtc_s2_control,,37.881198819530795,1,C634W,3,0,6.940214436792388,0,0,0,0,0,0,0,0,middle
mtc_s2_control,,37.881198819530795,1,C634W,3,0,6.940214436792388,0,0,0,0,0,0,0,0,middle
mtc_s3_control,,43.881198819530795,1,C634Y,3,0,6.940214436792388,0,0,0,0,0,0,0,0,elderly
mtc_s3_control,,43.881198819530795,1,C634Y,3,0,6.940214436792388,0,0,0,0,0,0,0,0,elderly
mtc_s4_control,,52.881198819530795,0,C634Y,3,0,6.940214436792388,0,0,0,0,0,0,0,0,elderly
mtc_s4_control,,52.881198819530795,0,C634Y,3,0,6.940214436792388,0,0,0,0,0,0,0,0,elderly
mtc_s5_control,,58.881198819530795,1,C634R,3,0,6.940214436792388,0,0,0,0,0,0,0,0,elderly
mtc_s5_control,,58.881198819530795,1,C634R,3,0,6.940214436792388,0,0,0,0,0,0,0,0,elderly
